Column1,id,time,h,k_level,i_level,yg_level,si_level,lkt,lmt,lyt,lk2,lm2,lkm,kelas_true,ielas_true,yg,k,i,si,kk,ii,ki,m_y_share,ln_m_y_share,big_Y,errors,weird_Y,constant
1,1,1,5,44.80582,90.469788,180.431,0.50140935,3.8023381,4.5050159,5.1953483,14.457775,20.295168,17.129593,0.25,0.64999998,5.1953483,3.8023381,4.5050159,-0.69033241,14.457775,20.295168,17.129593,0.501409336533079,-0.69033247250375,2.13305068897086,0.25745443207133,2.13305068897086,1.0
2,1,2,5,38.084949,81.878677,88.33213,0.92694104,3.6398191,4.4052386,4.4811039,13.248283,19.406128,16.034271,0.25,0.64999998,4.4811039,3.6398191,4.4052386,-0.075865321,13.248283,19.406128,16.034271,0.926941046253498,-0.0758653117131545,2.09434730552477,-0.35699375767861,2.09434730552477,1.0
3,1,3,5,32.372211,117.4861,139.9399,0.83954686,3.4773004,4.7663202,4.9412131,12.091619,22.717808,16.573927,0.25,0.64999998,4.9412131,3.4773004,4.7663202,-0.17489299,12.091619,22.717808,16.573927,0.839546834033753,-0.174893016011399,2.22995260306455,-0.259712614710267,2.22995260306455,1.0
4,1,4,5,27.688931,75.186234,197.5208,0.38064972,3.3210328,4.3199682,5.2858438,11.029259,18.662125,14.346756,0.25,0.64999998,5.2858438,3.3210328,4.3199682,-0.96587569,11.029259,18.662125,14.346756,0.380649703727405,-0.965875739563583,2.05999714547464,0.53278111361755,2.05999714547464,1.0
5,1,5,5,23.535589,64.110863,104.0824,0.61596256,3.1585138,4.160614,4.6451831,9.9762096,17.310709,13.141356,0.25,0.64999998,4.6451831,3.1585138,4.160614,-0.4845691,9.9762096,17.310709,13.141356,0.615962573883769,-0.484569073976573,1.99872593294394,0.0517777003192248,1.99872593294394,1.0
6,1,6,5,20.005251,90.165642,98.632896,0.91415387,2.9959948,4.5016484,4.5914049,8.9759846,20.264839,13.486916,0.25,0.64999998,4.5914049,2.9959948,4.5016484,-0.08975637,8.9759846,20.264839,13.486916,0.91415385390286,-0.0897563913844689,2.12666579153835,-0.344660236307561,2.12666579153835,1.0
7,1,7,5,20.94812,273.0972,417.83191,0.6536054,3.0420489,5.609828,6.035079,9.2540617,31.470171,17.065371,0.25,0.64999998,6.035079,3.0420489,5.609828,-0.42525148,9.2540617,31.470171,17.065371,0.653605417546975,-0.425251446690135,2.55216910136012,-0.0165879934199977,2.55216910136012,1.0
8,1,8,5,154.03999,1155.9821,2460.3369,0.46984705,5.0372124,7.0527053,7.8080535,25.373508,49.74065,35.525974,0.25,0.64999998,7.8080535,5.0372124,7.0527053,-0.75534803,25.373508,49.74065,35.525974,0.469847076634098,-0.755348006085586,3.11111953375166,0.311561600042392,3.11111953375166,1.0
9,1,9,5,160.873,566.12903,955.82373,0.59229439,5.080615,6.3388219,6.8625736,25.812649,40.180664,32.205112,0.25,0.64999998,6.8625736,5.080615,6.3388219,-0.5237515,25.812649,40.180664,32.205112,0.592294386748485,-0.523751492785345,2.83461368079052,0.0863203008438198,2.83461368079052,1.0
10,1,10,5,136.7421,374.89081,504.79749,0.74265587,4.9180965,5.9266348,6.2241573,24.187674,35.125,29.147762,0.25,0.64999998,6.2241573,4.9180965,5.9266348,-0.29752249,24.187674,35.125,29.147762,0.742655851953622,-0.297522528710506,2.67682030763904,-0.138064453090212,2.67682030763904,1.0
11,1,11,5,116.2307,175.40199,179.8107,0.97548139,4.7555771,5.1670804,5.1919045,22.615513,26.698719,24.572449,0.25,0.64999998,5.1919045,4.7555771,5.1670804,-0.024824195,22.615513,26.698719,24.572449,0.975481381252617,-0.0248242054644011,2.38820545968432,-0.407838413080751,2.38820545968432,1.0
12,1,12,5,98.796127,331.47601,397.87051,0.83312535,4.5930586,5.8035555,5.9861264,21.096188,33.681255,26.656071,0.25,0.64999998,5.9861264,4.5930586,5.8035555,-0.18257116,21.096188,33.681255,26.656071,0.833125355282049,-0.182571161604185,2.62931493506738,-0.253782282360855,2.62931493506738,1.0
13,1,13,5,83.976723,253.964,322.6041,0.78723121,4.4305396,5.5371923,5.7764258,19.629681,30.6605,24.532749,0.25,0.64999998,5.7764258,4.4305396,5.5371923,-0.23923329,19.629681,30.6605,24.532749,0.787231160422326,-0.23923335015769,2.52727367322865,-0.196252726335498,2.52727367322865,1.0
14,1,14,5,71.380203,391.29059,764.69092,0.51169771,4.2680206,5.9694505,6.6394715,18.216,35.634338,25.477737,0.25,0.64999998,6.6394715,4.2680206,5.9694505,-0.67002124,18.216,35.634338,25.477737,0.511697706571434,-0.670021245159962,2.69259954122853,0.230984743761265,2.69259954122853,1.0
15,1,15,5,69.204018,119.6155,183.2457,0.65276021,4.2370591,4.7842822,5.2108278,17.952669,22.889357,20.271286,0.25,0.64999998,5.2108278,4.2370591,4.7842822,-0.42654544,17.952669,22.889357,20.271286,0.652760201194353,-0.426545443498431,2.24106009559265,-0.00628009222957138,2.24106009559265,1.0
16,1,16,5,58.82341,137.2036,236.2469,0.58076358,4.0745401,4.9214659,5.4648776,16.601877,24.220827,20.05271,0.25,0.64999998,5.4648776,4.0745401,4.9214659,-0.54341155,16.601877,24.220827,20.05271,0.580763599437707,-0.543411490580038,2.29197609119475,0.109677387450476,2.29197609119475,1.0
17,1,17,5,49.999901,170.7226,188.3403,0.90645814,3.9120209,5.1400399,5.2382503,15.303907,26.42001,20.107944,0.25,0.64999998,5.2382503,3.9120209,5.1400399,-0.098210432,15.303907,26.42001,20.107944,0.906458150486115,-0.0982104158913992,2.37415233166613,-0.33701370068418,2.37415233166613,1.0
18,1,18,5,42.49992,235.99651,274.4353,0.85993493,3.7495022,5.4638171,5.6147156,14.058766,29.853298,20.486595,0.25,0.64999998,5.6147156,3.7495022,5.4638171,-0.15089856,14.058766,29.853298,20.486595,0.859934964634652,-0.150898515111957,2.49730252838942,-0.286843005891408,2.49730252838942,1.0
19,1,19,5,48.567829,215.0899,319.57291,0.67305428,3.8829613,5.3710561,5.7669854,15.077388,28.848244,20.855602,0.25,0.64999998,5.7669854,3.8829613,5.3710561,-0.39592931,15.077388,28.848244,20.855602,0.673054233539382,-0.395929367830275,2.46216935884269,-0.0407022984804987,2.46216935884269,1.0
20,1,20,5,42.8643,93.44207,153.39619,0.60915506,3.7580392,4.5373416,5.0330243,14.122859,20.587469,17.051508,0.25,0.64999998,5.0330243,3.7580392,4.5373416,-0.49568242,14.122859,20.587469,17.051508,0.609155090488232,-0.49568237950937,2.14495432070448,0.0626173981600897,2.14495432070448,1.0
21,1,21,5,36.43465,77.833656,96.023827,0.81056607,3.5955203,4.3545737,4.5645962,12.927766,18.962313,15.656958,0.25,0.64999998,4.5645962,3.5955203,4.3545737,-0.21002242,12.927766,18.962313,15.656958,0.810566069190306,-0.210022424545968,2.0749472192825,-0.222755867604194,2.0749472192825,1.0
22,1,22,5,30.96946,58.80534,73.940323,0.79530811,3.4330015,4.0742326,4.3032584,11.7855,16.599371,13.986847,0.25,0.64999998,4.3032584,3.4330015,4.0742326,-0.22902568,11.7855,16.599371,13.986847,0.795308129773791,-0.229025654798202,1.96826141041471,-0.203225203393115,1.96826141041471,1.0
23,1,23,5,26.324039,72.286057,110.409,0.65471166,3.2704825,4.2806311,4.7041917,10.696056,18.323803,13.999729,0.25,0.64999998,4.7041917,3.2704825,4.2806311,-0.42356035,10.696056,18.323803,13.999729,0.654711635826789,-0.423560390931776,2.04479916664837,-0.00947591704278083,2.04479916664837,1.0
24,1,24,5,22.375429,59.241199,101.1705,0.58555806,3.1079636,4.0816174,4.6168075,9.6594372,16.659599,12.685518,0.25,0.64999998,4.6168075,3.1079636,4.0816174,-0.53518993,9.6594372,16.659599,12.685518,0.585558033221147,-0.53518998348444,1.96857884973842,0.102585795092594,1.96857884973842,1.0
25,1,25,5,19.019119,33.996262,46.923859,0.72449845,2.9454448,3.5262506,3.8485262,8.6756449,12.434443,10.386376,0.25,0.64999998,3.8485262,2.9454448,3.5262506,-0.32227567,8.6756449,12.434443,10.386376,0.724498426269672,-0.322275689384322,1.7587043190584,-0.109206056025967,1.7587043190584,1.0
26,1,26,5,16.16625,68.570389,119.738,0.57267022,2.7829258,4.2278609,4.785306,7.7446761,17.874807,11.765823,0.25,0.64999998,4.785306,2.7829258,4.2278609,-0.55744529,7.7446761,17.874807,11.765823,0.572670238353739,-0.557445228186487,2.0214816558548,0.123904986749591,2.0214816558548,1.0
27,1,27,5,15.7514,81.203552,110.3939,0.73558009,2.7569292,4.3969588,4.7040548,7.6006584,19.333246,12.122104,0.25,0.64999998,4.7040548,2.7569292,4.3969588,-0.30709586,7.6006584,19.333246,12.122104,0.735580063753523,-0.307095888640006,2.08543015747104,-0.127263596699984,2.08543015747104,1.0
28,1,28,5,21.921659,102.0576,105.2326,0.96982878,3.0874751,4.6255374,4.6561732,9.5325022,21.395596,14.281231,0.25,0.64999998,4.6561732,3.0874751,4.6255374,-0.030635733,9.5325022,21.395596,14.281231,0.969828741283595,-0.0306357784501816,2.17427824332227,-0.404199368779694,2.17427824332227,1.0
29,1,29,5,22.90976,134.10831,192.4967,0.69667846,3.1315629,4.8986478,5.2600789,9.8066864,23.99675,15.340424,0.25,0.64999998,5.2600789,3.1315629,4.8986478,-0.3614313,9.8066864,23.99675,15.340424,0.696678488514348,-0.361431253676013,2.27859184756938,-0.0748028426122602,2.27859184756938,1.0
30,1,30,5,35.570881,78.824501,124.5517,0.63286573,3.5715272,4.3672237,4.8247209,12.755807,19.072643,15.597658,0.25,0.64999998,4.8247209,3.5715272,4.3672237,-0.457497,12.755807,19.072643,15.597658,0.632865717609635,-0.457497015819756,2.07954915348647,0.024642515755565,2.07954915348647,1.0
31,2,1,2,961.05432,2001.954,4459.7661,0.44889215,6.868031,7.6018791,8.4028521,47.169849,57.788567,52.209942,0.25,0.64999998,8.4028521,6.868031,7.6018791,-0.80097264,47.169849,57.788567,52.209942,0.448892151541311,-0.800972617104477,3.31216615738231,0.366285642086431,3.31216615738231,1.0
32,2,2,2,888.97522,2207.7981,2673.9419,0.82567167,6.7900696,7.6997509,7.8913093,46.105045,59.286163,52.281845,0.25,0.64999998,7.8913093,6.7900696,7.6997509,-0.19155808,46.105045,59.286163,52.281845,0.82567167970254,-0.191558066678463,3.35031645328123,-0.244565564291925,3.35031645328123,1.0
33,2,3,2,822.30212,1415.2679,1578.094,0.89682108,6.7121077,7.255074,7.3639731,45.052391,52.636101,48.696838,0.25,0.64999998,7.3639731,6.7121077,7.255074,-0.1088989,45.052391,52.636101,48.696838,0.896821038543965,-0.108898947927586,3.18063100848475,-0.324411065927842,3.18063100848475,1.0
34,2,4,2,760.62952,1056.781,1906.296,0.55436355,6.6341462,6.9629827,7.5529175,44.011894,48.483128,46.193443,0.25,0.64999998,7.5529175,6.6341462,6.9629827,-0.58993459,44.011894,48.483128,46.193443,0.554363540604397,-0.589934596969553,3.06988179514086,0.157974001849915,3.06988179514086,1.0
35,2,5,2,703.58221,1003.787,2420.9561,0.41462421,6.5561848,6.9115353,7.7919178,42.983559,47.769321,45.313301,0.25,0.64999998,7.7919178,6.5561848,6.9115353,-0.88038266,42.983559,47.769321,45.313301,0.41462420570121,-0.8803826974208,3.0505971631695,0.448214006964571,3.0505971631695,1.0
36,2,6,2,650.81348,1940.845,3789.667,0.51214129,6.4782228,7.5708785,8.2400331,41.967373,57.318203,49.045837,0.25,0.64999998,8.2400331,6.4782228,7.5708785,-0.66915476,41.967373,57.318203,49.045837,0.512141304235966,-0.669154707183568,3.30313023345534,0.231582666987471,3.30313023345534,1.0
37,2,7,2,602.00262,2838.7529,4504.8511,0.63015467,6.4002619,7.9511199,8.4129105,40.963352,63.220306,50.889248,0.25,0.64999998,8.4129105,6.4002619,7.9511199,-0.46179,40.963352,63.220306,50.889248,0.630154657054037,-0.461790002336297,3.45121108216415,0.0199564290006362,3.45121108216415,1.0
38,2,8,2,822.52142,2177.824,3829.0049,0.56877023,6.7123747,7.6860814,8.2503605,45.055973,59.075848,51.591858,0.25,0.64999998,8.2503605,6.7123747,7.6860814,-0.56427872,45.055973,59.075848,51.591858,0.56877023061527,-0.564278739037022,3.34568669720562,0.12762807356328,3.34568669720562,1.0
39,2,9,2,760.83228,806.65802,1242.172,0.6493932,6.6344128,6.6928997,7.1246166,44.015434,44.794907,44.403458,0.25,0.64999998,7.1246166,6.6344128,6.6928997,-0.43171689,44.015434,44.794907,44.403458,0.649393175824282,-0.43171692780057,2.9676832316321,0.00125110402329948,2.9676832316321,1.0
40,2,10,2,703.76978,729.76221,1199.632,0.60832173,6.5564513,6.5927186,7.0897703,42.987053,43.46394,43.224838,0.25,0.64999998,7.0897703,6.5564513,6.5927186,-0.49705139,42.987053,43.46394,43.224838,0.608321726996279,-0.497051380725886,2.92997776218601,0.0666115702336415,2.92997776218601,1.0
41,2,11,2,650.98712,980.39539,1676.803,0.58468133,6.4784899,6.8879561,7.4246445,41.970833,47.443939,44.623554,0.25,0.64999998,7.4246445,6.4784899,6.8879561,-0.53668833,41.970833,47.443939,44.623554,0.584681319153174,-0.53668833376674,3.04186854374302,0.104151489838009,3.04186854374302,1.0
42,2,12,2,602.16309,959.5686,1629.123,0.58900928,6.4005284,6.8664837,7.3957973,40.966763,47.148598,43.949123,0.25,0.64999998,7.3957973,6.4005284,6.8664837,-0.52931333,40.966763,47.148598,43.949123,0.589009301323473,-0.529313303734572,3.03392807810581,0.0963982689796397,3.03392807810581,1.0
43,2,13,2,557.00092,1510.504,2343.1689,0.64464152,6.322567,7.3201985,7.7592597,39.974854,53.585308,46.282444,0.25,0.64999998,7.7592597,6.322567,7.3201985,-0.4390609,39.974854,53.585308,46.282444,0.644641536510663,-0.439060874024531,3.20766983734947,0.00236788019729872,3.20766983734947,1.0
44,2,14,2,518.20923,790.08551,1721.969,0.45882678,6.2503791,6.6721411,7.4512239,39.067238,44.517467,41.703411,0.25,0.64999998,7.4512239,6.2503791,6.6721411,-0.77908254,39.067238,44.517467,41.703411,0.458826790726198,-0.779082502392937,2.96043910444939,0.34638069933363,2.96043910444939,1.0
45,2,15,2,479.3436,621.78748,941.34131,0.66053349,6.1724176,6.4325986,6.8473058,38.09874,41.378326,39.704685,0.25,0.64999998,6.8473058,6.1724176,6.4325986,-0.41470745,38.09874,41.378326,39.704685,0.660533510422484,-0.414707421374884,2.86973904602612,-0.017151916333887,2.86973904602612,1.0
46,2,16,2,443.39279,603.85419,937.93652,0.64381135,6.0944562,6.4033327,6.8436823,37.142395,41.00267,39.02483,0.25,0.64999998,6.8436823,6.0944562,6.4033327,-0.44034955,37.142395,41.00267,39.02483,0.643811363694421,-0.440349509303306,2.8586875642728,0.00820302264630168,2.8586875642728,1.0
47,2,17,2,410.13831,300.77701,411.38339,0.73113549,6.0164943,5.7063689,6.0195255,36.198204,32.562645,34.332336,0.25,0.64999998,6.0195255,6.0164943,5.7063689,-0.31315649,36.198204,32.562645,34.332336,0.731135522997173,-0.313156442438717,2.59610989513711,-0.116629383274768,2.59610989513711,1.0
48,2,18,2,379.37799,226.6516,639.91803,0.35418847,5.9385328,5.4234142,6.46134,35.266171,29.413422,32.207123,0.25,0.64999998,6.46134,5.9385328,5.4234142,-1.0379261,35.266171,29.413422,32.207123,0.354188488797542,-1.03792605332147,2.48993677360327,0.608493096156319,2.48993677360327,1.0
49,2,19,2,350.92459,63.229069,74.636864,0.84715605,5.8605714,4.1467643,4.3126345,34.346298,17.195654,24.302408,0.25,0.64999998,4.3126345,5.8605714,4.1467643,-0.16587037,34.346298,17.195654,24.302408,0.847156024668989,-0.165870392712359,2.01540951753238,-0.264252432855357,2.01540951753238,1.0
50,2,20,2,324.60529,239.9153,375.4913,0.63893706,5.7826099,5.4802861,5.9282355,33.43858,30.033537,31.690357,0.25,0.64999998,5.9282355,5.7826099,5.4802861,-0.44794932,33.43858,30.033537,31.690357,0.638937040618518,-0.447949357442343,2.51053682837119,0.017841376650539,2.51053682837119,1.0
51,2,21,2,300.25989,238.35651,495.82251,0.48072949,5.7046485,5.4737673,6.2062182,32.543015,29.962128,31.225918,0.25,0.64999998,6.2062182,5.7046485,5.4737673,-0.73245054,32.543015,29.962128,31.225918,0.480729505403052,-0.732450525888822,2.50777168714202,0.302075778234931,2.50777168714202,1.0
52,2,22,2,277.74039,308.5632,416.09799,0.7415638,5.626687,5.7319269,6.030921,31.659607,32.854988,32.251759,0.25,0.64999998,6.030921,5.626687,5.7319269,-0.29899409,31.659607,32.854988,32.251759,0.741563784050002,-0.298994100806985,2.60451045396741,-0.132486550125567,2.60451045396741,1.0
53,2,23,2,256.90991,91.993477,59.912392,1.5354666,5.5487256,4.5217175,4.0928836,30.788357,20.44593,25.089769,0.25,0.64999998,4.0928836,5.5487256,4.5217175,0.42883429,30.788357,20.44593,25.089769,1.53546660263539,0.428834310506158,2.15171394031004,-0.858705680058421,2.15171394031004,1.0
54,2,24,2,237.6416,84.856079,102.0805,0.83126634,5.4707637,4.4409566,4.6257615,29.929255,19.722095,24.295424,0.25,0.64999998,4.6257615,5.4707637,4.4409566,-0.18480502,29.929255,19.722095,24.295424,0.831266294737976,-0.184805084511901,2.12111583622282,-0.245241082731741,2.12111583622282,1.0
55,2,25,2,219.8185,105.2955,148.4921,0.70909834,5.3928022,4.6567707,5.0005317,29.082315,21.685513,25.113043,0.25,0.64999998,5.0005317,5.3928022,4.6567707,-0.34376106,29.082315,21.685513,25.113043,0.709098329136702,-0.34376107499043,2.20079127361525,-0.0863570868673986,2.20079127361525,1.0
56,2,26,2,203.33211,63.68784,93.582848,0.68055034,5.3148408,4.1539936,4.538847,28.247532,17.255663,22.077814,0.25,0.64999998,4.538847,5.3148408,4.1539936,-0.38485348,28.247532,17.255663,22.077814,0.680550350423189,-0.384853469292441,2.01332070100848,-0.0456920480863833,2.01332070100848,1.0
57,2,27,2,188.0822,50.370399,89.786186,0.56100386,5.2368789,3.9194038,4.4974313,27.4249,15.361726,20.525442,0.25,0.64999998,4.4974313,5.2368789,3.9194038,-0.57802749,27.4249,15.361726,20.525442,0.561003883158596,-0.578027451632066,1.92565035633592,0.14700657608727,1.92565035633592,1.0
58,2,28,2,173.976,82.598763,131.145,0.62982774,5.1589174,4.4139948,4.8763037,26.614429,19.483351,22.771435,0.25,0.64999998,4.8763037,5.1589174,4.4139948,-0.46230894,26.614429,19.483351,22.771435,0.629827770788059,-0.462308876673095,2.10866560778376,0.0318003768585923,2.10866560778376,1.0
59,2,29,2,160.9278,153.3987,343.57959,0.44647208,5.080956,5.0330405,5.8394189,25.816114,25.331497,25.572657,0.25,0.64999998,5.8394189,5.080956,5.0330405,-0.80637842,25.816114,25.331497,25.572657,0.446472096901914,-0.80637837355919,2.33944975765176,0.375061985195444,2.33944975765176,1.0
60,2,30,2,148.8582,278.63989,525.25629,0.53048366,5.0029941,5.62992,6.2638865,25.029949,31.695999,28.166456,0.25,0.64999998,6.2638865,5.0029941,5.62992,-0.63396609,25.029949,31.695999,28.166456,0.530483680642834,-0.63396608362024,2.56416938972046,0.200322454717378,2.56416938972046,1.0
61,3,1,1,845.12482,667.30518,1190.063,0.56073099,6.7394843,6.5032473,7.0817614,45.42065,42.292225,43.828533,0.25,0.64999998,7.0817614,6.7394843,6.5032473,-0.57851398,45.42065,42.292225,43.828533,0.560730969704965,-0.578514043375774,2.89618740518649,0.149531401593957,2.89618740518649,1.0
62,3,2,1,802.86859,555.88208,800.64612,0.69429183,6.6881909,6.3205562,6.6854191,44.731899,39.949429,42.273087,0.25,0.64999998,6.6854191,6.6881909,6.3205562,-0.36486289,44.731899,39.949429,42.273087,0.694291855183161,-0.364862866268009,2.82763809950572,-0.0637032411412536,2.82763809950572,1.0
63,3,3,1,762.72522,285.04568,581.88708,0.48986426,6.636898,5.6526494,6.3662763,44.048416,31.952446,37.516056,0.25,0.64999998,6.3662763,6.636898,5.6526494,-0.71362692,44.048416,31.952446,37.516056,0.489864253387444,-0.71362696016162,2.57833284849221,0.286404305099777,2.57833284849221,1.0
64,3,4,1,724.58893,639.67078,742.35883,0.8616733,6.5856047,6.4609537,6.6098328,43.37019,41.743923,42.549286,0.25,0.64999998,6.6098328,6.5856047,6.4609537,-0.14887908,43.37019,41.743923,42.549286,0.861673296187505,-0.148879086902686,2.88032511336412,-0.280793507855861,2.88032511336412,1.0
65,3,5,1,688.35938,557.93103,1279.426,0.43607917,6.5343108,6.3242354,7.1541667,42.697216,39.995953,41.32452,0.25,0.64999998,7.1541667,6.5343108,6.3242354,-0.82993144,42.697216,39.995953,41.32452,0.436079171440943,-0.829931466244099,2.82892256679612,0.400536385920775,2.82892256679612,1.0
66,3,6,1,653.94153,304.61041,592.34747,0.51424277,6.4830179,5.7190337,6.3840933,42.029522,32.707348,37.076599,0.25,0.64999998,6.3840933,6.4830179,5.7190337,-0.6650598,42.029522,32.707348,37.076599,0.514242780508542,-0.665059789422596,2.60244702856713,0.237133694381507,2.60244702856713,1.0
67,3,7,1,621.24438,553.28497,689.7851,0.8021121,6.4317245,6.3158731,6.5363803,41.367081,39.890255,40.621956,0.25,0.64999998,6.5363803,6.4317245,6.3158731,-0.22050691,41.367081,39.890255,40.621956,0.802112092592316,-0.220506914557442,2.82572566603382,-0.209400392986671,2.82572566603382,1.0
68,3,8,1,590.18219,657.95422,1163.032,0.56572324,6.3804312,6.4891353,7.0587854,40.709904,42.108875,41.403481,0.25,0.64999998,7.0587854,6.3804312,6.4891353,-0.56965029,40.709904,42.108875,41.403481,0.565723230315245,-0.569650312750607,2.89101597968632,0.138689333264896,2.89101597968632,1.0
69,3,9,1,560.67297,214.8992,267.6153,0.80301541,6.3291378,5.3701692,5.5895505,40.057987,28.838717,33.988541,0.25,0.64999998,5.5895505,6.3291378,5.3701692,-0.21938138,40.057987,28.838717,33.988541,0.80301537318681,-0.219381420527712,2.4719594697173,-0.208657446690075,2.4719594697173,1.0
70,3,10,1,532.6394,219.58839,309.11911,0.71036822,6.2778444,5.3917546,5.7337265,39.411331,29.071018,33.848598,0.25,0.64999998,5.7337265,6.2778444,5.3917546,-0.34197181,39.411331,29.071018,33.848598,0.710368213728359,-0.341971832493912,2.4797316786662,-0.0862571555998873,2.4797316786662,1.0
71,3,11,1,506.00739,104.8077,116.1531,0.90232378,6.2265511,4.6521273,4.754909,38.769939,21.642288,28.966707,0.25,0.64999998,4.754909,6.2265511,4.6521273,-0.10278186,38.769939,21.642288,28.966707,0.90232374340418,-0.102781906015386,2.20521086860186,-0.325798839435039,2.20521086860186,1.0
72,3,12,1,480.70709,56.139851,98.026604,0.57270014,6.1752582,4.0278459,4.5852389,38.133812,16.223543,24.872988,0.25,0.64999998,4.5852389,6.1752582,4.0278459,-0.55739301,38.133812,16.223543,24.872988,0.572700151889379,-0.557392994366054,1.97440551279457,0.127073434100276,1.97440551279457,1.0
73,3,13,1,456.67169,101.5699,180.13341,0.56385934,6.1239648,4.6207471,5.1936979,37.502945,21.351303,28.297293,0.25,0.64999998,5.1936979,6.1239648,4.6207471,-0.57295042,37.502945,21.351303,28.297293,0.563859308498074,-0.572950511620257,2.1928226524968,0.144141760531041,2.1928226524968,1.0
74,3,14,1,433.8381,140.24899,284.03629,0.4937714,6.0726714,4.9434195,5.6491022,36.877338,24.437395,30.019762,0.25,0.64999998,5.6491022,6.0726714,4.9434195,-0.70568264,36.877338,24.437395,30.019762,0.493771376889904,-0.705682668737112,2.31198966826876,0.277041395191206,2.31198966826876,1.0
75,3,15,1,412.14621,107.1306,114.4662,0.9359147,6.021378,4.6740484,4.7402797,36.256992,21.846729,28.144213,0.25,0.64999998,4.7402797,6.021378,4.6740484,-0.066230945,36.256992,21.846729,28.144213,0.935914706699445,-0.0662309319778152,2.2117748052819,-0.362692577428308,2.2117748052819,1.0
76,3,16,1,391.53891,74.156326,115.2389,0.6435008,5.9700847,4.3061752,4.7470074,35.641911,18.543144,25.708231,0.25,0.64999998,4.7470074,5.9700847,4.3061752,-0.44083199,35.641911,18.543144,25.708231,0.643500814395139,-0.440831986375445,2.07527352664729,0.0112074211249064,2.07527352664729,1.0
77,3,17,1,371.96201,107.3759,210.6468,0.50974381,5.9187918,4.6763358,5.350183,35.032097,21.868116,27.678257,0.25,0.64999998,5.350183,5.9187918,4.6763358,-0.67384702,35.032097,21.868116,27.678257,0.509743798624047,-0.673847035125757,2.21186285656082,0.244734313481597,2.21186285656082,1.0
78,3,18,1,353.36389,90.538963,111.3739,0.81292802,5.8674984,4.5057802,4.712893,34.427536,20.302055,26.437658,0.25,0.64999998,4.712893,5.8674984,4.5057802,-0.20711271,34.427536,20.302055,26.437658,0.812928010961275,-0.207112720757984,2.14827493535621,-0.222276436471632,2.14827493535621,1.0
79,3,19,1,335.69571,152.9334,162.5155,0.94103879,5.816205,5.0300026,5.0907736,33.828239,25.300926,29.255526,0.25,0.64999998,5.0907736,5.816205,5.0300026,-0.060770921,33.828239,25.300926,29.255526,0.941038854755393,-0.0607708493295519,2.34256106965699,-0.368541629974756,2.34256106965699,1.0
80,3,20,1,318.91089,156.1781,210.47169,0.74203849,5.7649117,5.0509973,5.3493514,33.234207,25.512573,29.118553,0.25,0.64999998,5.3493514,5.7649117,5.0509973,-0.29835418,33.234207,25.512573,29.118553,0.742038513588217,-0.298354132056366,2.3500748272646,-0.131111850747193,2.3500748272646,1.0
81,3,21,1,302.9653,222.2002,224.1405,0.99134332,5.7136183,5.4035788,5.4122729,32.645435,29.198664,30.873987,0.25,0.64999998,5.4122729,5.7136183,5.4035788,-0.0086943675,32.645435,29.198664,30.873987,0.991343376141304,-0.00869431007489956,2.4815104004921,-0.421479931586004,2.4815104004921,1.0
82,3,22,1,287.81711,149.6384,265.93079,0.56269675,5.6623254,5.0082216,5.5832362,32.061928,25.082283,28.358181,0.25,0.64999998,5.5832362,5.6623254,5.0082216,-0.57501441,32.061928,25.082283,28.358181,0.562696782873469,-0.575014369862484,2.33351874339726,0.145312416600409,2.33351874339726,1.0
83,3,23,1,273.42621,44.549789,41.602959,1.0708323,5.611032,3.7966075,3.7281713,31.483681,14.414228,21.302887,0.25,0.64999998,3.7281713,5.611032,3.7966075,0.068436153,31.483681,14.414228,21.302887,1.0708322213331,0.0684361231088942,1.88371349947191,-0.499726109787609,1.88371349947191,1.0
84,3,24,1,259.75491,133.7849,194.40311,0.68818289,5.5597386,4.8962331,5.2699337,30.910694,23.973099,27.221777,0.25,0.64999998,5.2699337,5.5597386,4.8962331,-0.37370065,30.910694,23.973099,27.221777,0.688182920530438,-0.373700603522711,2.29113368040672,-0.0561677651765879,2.29113368040672,1.0
85,3,25,1,246.7672,100.5297,205.522,0.48914325,5.5084453,4.6104531,5.3255529,30.34297,21.256279,25.396429,0.25,0.64999998,5.3255529,5.5084453,4.6104531,-0.71509987,30.34297,21.256279,25.396429,0.489143254736719,-0.715099877938229,2.18438882545417,0.285197003590342,2.18438882545417,1.0
86,3,26,1,234.4288,142.5255,166.6938,0.85501379,5.4571519,4.9595208,5.1161585,29.780506,24.596848,27.064857,0.25,0.64999998,5.1161585,5.4571519,4.9595208,-0.15663768,29.780506,24.596848,27.064857,0.855013803752749,-0.156637665435645,2.31410863027587,-0.27354618018263,2.31410863027587,1.0
87,3,27,1,222.7074,166.7789,239.8278,0.69541103,5.405859,5.1166692,5.4799213,29.223312,26.180304,27.659992,0.25,0.64999998,5.4799213,5.405859,5.1166692,-0.36325219,29.223312,26.180304,27.659992,0.695411040755075,-0.363252182693637,2.37256768526374,-0.0673117997751089,2.37256768526374,1.0
88,3,28,1,211.57201,114.6372,126.159,0.90867239,5.3545656,4.7417722,4.837543,28.671373,22.484404,25.390131,0.25,0.64999998,4.837543,5.3545656,4.7417722,-0.095770657,28.671373,22.484404,25.390131,0.908672389603595,-0.0957706572438347,2.23220035817606,-0.334458915555327,2.23220035817606,1.0
89,3,29,1,200.99339,189.4976,236.25819,0.80207843,5.3032722,5.2443762,5.4649253,28.124697,27.503481,27.812355,0.25,0.64999998,5.4649253,5.3032722,5.2443762,-0.22054888,28.124697,27.503481,27.812355,0.802078438000393,-0.220548872905015,2.41991641479804,-0.210611721812861,2.41991641479804,1.0
90,3,30,1,190.9437,131.2005,208.12801,0.63038367,5.2519784,4.8767266,5.3381534,27.583277,23.782463,25.612463,0.25,0.64999998,5.3381534,5.2519784,4.8767266,-0.46142665,27.583277,23.782463,25.612463,0.630383675892543,-0.461426635614254,2.2819156338341,0.0308351637052752,2.2819156338341,1.0
91,4,1,1,849.78149,636.48468,924.10858,0.68875527,6.7449794,6.4559603,6.8288298,45.494747,41.679424,43.545319,0.25,0.64999998,6.8288298,6.7449794,6.4559603,-0.37286925,45.494747,41.679424,43.545319,0.688755297564708,-0.372869226980588,2.87843453893151,-0.0558931386456978,2.87843453893151,1.0
92,4,2,1,807.29242,851.36688,1760.359,0.48363253,6.693686,6.7468433,7.4732733,44.805431,45.519894,45.161251,0.25,0.64999998,7.4732733,6.693686,6.7468433,-0.72642988,44.805431,45.519894,45.161251,0.483632531773349,-0.726429892501236,2.98794772144394,0.296055656385135,2.98794772144394,1.0
93,4,3,1,766.9278,1242.025,1778.701,0.69827646,6.6423926,7.1244984,7.4836388,44.12138,50.758476,47.323715,0.25,0.64999998,7.4836388,6.6423926,7.1244984,-0.35914019,44.12138,50.758476,47.323715,0.698276438816867,-0.359140210474309,3.13122217891039,-0.0737848759649385,3.13122217891039,1.0
94,4,4,1,728.58142,981.29828,1101.3831,0.8909691,6.5910993,6.8888764,7.0043221,43.442589,47.456619,45.40527,0.25,0.64999998,7.0043221,6.5910993,6.8888764,-0.11544553,43.442589,47.456619,45.40527,0.890969073340602,-0.115445562169176,3.04190464263465,-0.316359564764512,3.04190464263465,1.0
95,4,5,1,692.15228,394.63419,534.93512,0.73772347,6.5398059,5.9779592,6.2821455,42.769062,35.735996,39.094692,0.25,0.64999998,6.2821455,6.5398059,5.9779592,-0.30418622,42.769062,35.735996,39.094692,0.737723464482945,-0.304186233975467,2.69921862934213,-0.124060507088873,2.69921862934213,1.0
96,4,6,1,657.54468,118.6724,155.2213,0.76453686,6.4885125,4.7763667,5.0448518,42.100796,22.813679,30.991516,0.25,0.64999998,5.0448518,6.4885125,4.7763667,-0.26848504,42.100796,22.813679,30.991516,0.764536825809344,-0.268485084976752,2.25307040850123,-0.159396484035919,2.25307040850123,1.0
97,4,7,1,624.66748,110.5602,140.81081,0.78516847,6.4372196,4.7055602,4.9474173,41.437798,22.142298,30.290724,0.25,0.64999998,4.9474173,6.4372196,4.7055602,-0.24185698,41.437798,22.142298,30.290724,0.785168411430912,-0.241857047354804,2.22655263624358,-0.18624935524696,2.22655263624358,1.0
98,4,8,1,593.43408,229.95171,317.10739,0.72515404,6.3859262,5.4378695,5.7592406,40.780052,29.570425,34.725834,0.25,0.64999998,5.7592406,6.3859262,5.4378695,-0.32137117,40.780052,29.570425,34.725834,0.725154055854706,-0.321371155866365,2.49740377166787,-0.106536091071408,2.49740377166787,1.0
99,4,9,1,563.76239,71.338287,167.4538,0.42601773,6.3346329,4.2674332,5.1207075,40.127575,18.210985,27.032623,0.25,0.64999998,5.1207075,6.3346329,4.2674332,-0.85327429,40.127575,18.210985,27.032623,0.426017725486074,-0.853274324456162,2.06414815955409,0.42390723776669,2.06414815955409,1.0
100,4,10,1,535.57428,103.0316,163.5356,0.63002551,6.2833395,4.6350355,5.0970306,39.480354,21.483555,29.123501,0.25,0.64999998,5.0970306,6.2833395,4.6350355,-0.46199498,39.480354,21.483555,29.123501,0.630025511264826,-0.46199496634527,2.19933218175908,0.0334847533742238,2.19933218175908,1.0
101,4,11,1,508.79559,85.319527,107.6034,0.79290736,6.2320461,4.4464035,4.6784525,38.838398,19.770504,27.710192,0.25,0.64999998,4.6784525,6.2320461,4.4464035,-0.23204888,38.838398,19.770504,27.710192,0.792907352369907,-0.232048895988664,2.12926897470549,-0.196931613142441,2.12926897470549,1.0
102,4,12,1,483.3558,100.9375,93.638847,1.0779448,6.1807532,4.6145015,4.5394454,38.20171,21.293623,28.521095,0.25,0.64999998,4.5394454,6.1807532,4.6145015,0.075056225,38.20171,21.293623,28.521095,1.07794471241193,0.0750561839841265,2.19095061713068,-0.50377746371995,2.19095061713068,1.0
103,4,13,1,459.18799,157.6465,273.7963,0.57578027,6.1294599,5.0603552,5.6123843,37.570278,25.607195,31.017244,0.25,0.64999998,5.6123843,6.1294599,5.0603552,-0.55202913,37.570278,25.607195,31.017244,0.575780242464927,-0.552029214583243,2.35575223488049,0.123537906732521,2.35575223488049,1.0
104,4,14,1,436.22861,221.3181,324.99091,0.68099785,6.0781665,5.399601,5.7837973,36.944107,29.155691,32.819675,0.25,0.64999998,5.7837973,6.0781665,5.399601,-0.38419613,36.944107,29.155691,32.819675,0.680997816215844,-0.384196179569272,2.48169373142239,-0.044716916597032,2.48169373142239,1.0
105,4,15,1,414.41721,407.00909,748.70502,0.54361743,6.0268731,6.0088353,6.6183453,36.3232,36.106102,36.214489,0.25,0.64999998,6.6183453,6.0268731,6.0088353,-0.60950953,36.3232,36.106102,36.214489,0.543617418245706,-0.609509554823892,2.70972335707977,0.178779978045289,2.70972335707977,1.0
106,4,16,1,393.69629,225.567,418.23389,0.53933221,5.9755797,5.4186172,6.0360408,35.707554,29.361412,32.379379,0.25,0.64999998,6.0360408,5.9755797,5.4186172,-0.61742353,35.707554,29.361412,32.379379,0.539332190416229,-0.617423589163421,2.48831354927113,0.188127746866473,2.48831354927113,1.0
107,4,17,1,374.01151,196.0314,313.2417,0.62581515,5.9242864,5.278275,5.7469749,35.097168,27.860188,31.270012,0.25,0.64999998,5.7469749,5.9242864,5.278275,-0.46870023,35.097168,27.860188,31.270012,0.625815145301535,-0.468700246535676,2.43568754124686,0.0394520428033295,2.43568754124686,1.0
108,4,18,1,355.31091,180.8924,146.2486,1.2368829,5.872993,5.1979022,4.9853077,34.492046,27.018187,30.527243,0.25,0.64999998,4.9853077,5.872993,5.1979022,0.21259445,34.492046,27.018187,30.527243,1.23688295135817,0.212594465940724,2.40544500624159,-0.641900058598663,2.40544500624159,1.0
109,4,19,1,337.54541,57.94508,101.622,0.57020211,5.8217001,4.0594954,4.6212602,33.892193,16.479504,23.633165,0.25,0.64999998,4.6212602,5.8217001,4.0594954,-0.56176442,33.892193,16.479504,23.633165,0.570202121587845,-0.561764381732085,1.98281550012756,0.131372152556433,1.98281550012756,1.0
110,4,20,1,320.66809,108.7582,167.1143,0.6508013,5.7704067,4.689127,5.1186781,33.297592,21.987911,27.05817,0.25,0.64999998,5.1186781,5.7704067,4.689127,-0.42955092,33.297592,21.987911,27.05817,0.650801277927742,-0.429550940013273,2.21552552344681,0.000164428083685719,2.21552552344681,1.0
111,4,21,1,304.6347,227.521,426.31219,0.5336957,5.7191133,5.4272428,6.055172,32.708256,29.454964,31.039017,0.25,0.64999998,6.055172,5.7191133,5.4272428,-0.62792945,32.708256,29.454964,31.039017,0.53369574067305,-0.627929376425349,2.49039764018009,0.197719940981438,2.49039764018009,1.0
112,4,22,1,289.40302,320.31891,494.94061,0.64718658,5.6678205,5.7693172,6.2044377,32.124187,33.285019,32.699455,0.25,0.64999998,6.2044377,5.6678205,5.7693172,-0.43512064,32.124187,33.285019,32.699455,0.647186558403442,-0.435120682298645,2.61871117899604,0.00367646741113647,2.61871117899604,1.0
113,4,23,1,274.9328,323.237,502.32999,0.64347541,5.6165266,5.7783856,6.2192574,31.545372,33.38974,32.454456,0.25,0.64999998,6.2192574,5.6165266,5.7783856,-0.44087145,31.545372,33.38974,32.454456,0.643475417424311,-0.440871454036468,2.62199189498414,0.00917294784146738,2.62199189498414,1.0
114,4,24,1,261.18619,177.60809,475.1329,0.37380719,5.5652337,5.1795793,6.1635947,30.971827,26.828041,28.825569,0.25,0.64999998,6.1635947,5.5652337,5.1795793,-0.98401517,30.971827,26.828041,28.825569,0.373807181106591,-0.98401517305213,2.39695883908434,0.553809473936191,2.39695883908434,1.0
115,4,25,1,248.12691,162.7094,200.7908,0.81034285,5.5139403,5.0919657,5.3022637,30.403538,25.928114,28.076796,0.25,0.64999998,5.3022637,5.5139403,5.0919657,-0.21029785,30.403538,25.928114,28.076796,0.810342904156963,-0.210297782432712,2.36392144742678,-0.219913282077251,2.36392144742678,1.0
116,4,26,1,235.7205,560.37738,989.77228,0.56616801,5.462647,6.3286104,6.8974748,29.840511,40.051311,34.570965,0.25,0.64999998,6.8974748,5.462647,6.3286104,-0.56886441,29.840511,40.051311,34.570965,0.566167987650654,-0.568864446845404,2.83048787061401,0.133633762499563,2.83048787061401,1.0
117,4,27,1,340.54361,1256.713,2031.835,0.61851138,5.830543,7.1362548,7.6166945,33.995232,50.926132,41.608242,0.25,0.64999998,7.6166945,5.830543,7.1362548,-0.48043969,33.995232,50.926132,41.608242,0.618511345655528,-0.480439743493219,3.13948541113793,0.0416268248523614,3.13948541113793,1.0
118,4,28,1,961.0235,339.2655,722.35022,0.46966898,6.8679991,5.8267832,6.58251,47.169411,33.951401,40.018341,0.25,0.64999998,6.58251,6.8679991,5.8267832,-0.75572711,47.169411,33.951401,40.018341,0.469668992417556,-0.755727103845681,2.64386286004552,0.329212728513846,2.64386286004552,1.0
119,4,29,1,912.97241,243.7213,263.3978,0.92529738,6.8167057,5.4960256,5.5736656,46.467476,30.206297,37.46479,0.25,0.64999998,5.5736656,6.8167057,5.4960256,-0.077640101,46.467476,30.206297,37.46479,0.925297401876553,-0.0776400776025381,2.52104925174246,-0.348812195428784,2.52104925174246,1.0
120,4,30,1,867.32373,193.5507,397.4209,0.48701692,6.7654123,5.2655396,5.9849958,45.770805,27.725908,35.623547,0.25,0.64999998,5.9849958,6.7654123,5.2655396,-0.71945643,45.770805,27.725908,35.623547,0.487016913302748,-0.719456426928174,2.43554159384809,0.292806520105129,2.43554159384809,1.0
121,5,1,4,147.315,159.85719,159.86681,0.99993986,4.9925733,5.0742807,5.0743408,24.925787,25.748325,25.333719,0.25,0.64999998,5.0743408,4.9925733,5.0742807,-6.0142895e-5,24.925787,25.748325,25.333719,0.999939824907997,-6.01769025965517e-5,2.35445711205646,-0.431607483397019,2.35445711205646,1.0
122,5,2,4,128.9006,154.32249,349.3602,0.44172889,4.8590417,5.0390444,5.8561034,23.610287,25.391968,24.484926,0.25,0.64999998,5.8561034,4.8590417,5.0390444,-0.81705898,23.610287,25.391968,24.484926,0.441728880393359,-0.817058977881958,2.34050028710676,0.385103663962113,2.34050028710676,1.0
123,5,3,4,112.788,209.5912,341.24979,0.61418706,4.7255101,5.3451591,5.8326149,22.330446,28.570724,25.258604,0.25,0.64999998,5.8326149,4.7255101,5.3451591,-0.48745573,22.330446,28.570724,25.258604,0.614187044627925,-0.487455764281686,2.45536115434948,0.0540121553806654,2.45536115434948,1.0
124,5,4,4,98.689507,499.3382,689.78558,0.72390348,4.5919785,6.2132835,6.5363808,21.086267,38.604893,28.531265,0.25,0.64999998,6.5363808,4.5919785,6.2132835,-0.32309723,21.086267,38.604893,28.531265,0.723903506362078,-0.323097173984206,2.78660998799901,-0.116109459500308,2.78660998799901,1.0
125,5,5,4,104.4419,280.98499,570.97778,0.49211195,4.6486311,5.6383014,6.3473501,21.609772,31.790442,26.210382,0.25,0.64999998,6.3473501,4.6486311,5.6383014,-0.70904905,21.609772,31.790442,26.210382,0.492111952237441,-0.709049043176261,2.56638590565126,0.273898385166022,2.56638590565126,1.0
126,5,6,4,91.386658,89.894218,225.83521,0.39805228,4.5150995,4.4986339,5.4198055,20.386124,20.237707,20.311779,0.25,0.64999998,5.4198055,4.5150995,4.4986339,-0.92117196,20.386124,20.237707,20.311779,0.398052270060103,-0.921171950511663,2.13551348585709,0.489587624715978,2.13551348585709,1.0
127,5,7,4,79.963333,61.308941,109.9732,0.55748987,4.3815684,4.1159258,4.7002368,19.198141,16.940845,18.03421,0.25,0.64999998,4.7002368,4.3815684,4.1159258,-0.58431095,19.198141,16.940845,18.03421,0.557489833886802,-0.584311010994751,1.99137009343061,0.152913948155699,1.99137009343061,1.0
128,5,8,4,69.967911,112.1045,196.7307,0.56983733,4.2480369,4.7194314,5.2818356,18.045816,22.273033,20.048319,0.25,0.64999998,5.2818356,4.2480369,4.7194314,-0.56240433,18.045816,22.273033,20.048319,0.56983734617932,-0.562404316455902,2.21668639247285,0.129801189429802,2.21668639247285,1.0
129,5,9,4,61.22192,94.793694,103.6823,0.91427076,4.1145053,4.551703,4.6413312,16.929153,20.718,18.728006,0.25,0.64999998,4.6413312,4.1145053,4.551703,-0.089628518,16.929153,20.718,18.728006,0.914270748237645,-0.0896285279387381,2.15269548289388,-0.342792852749815,2.15269548289388,1.0
130,5,10,4,53.56918,73.456261,91.333832,0.80426127,3.980974,4.29669,4.5145211,15.848154,18.461544,17.105011,0.25,0.64999998,4.5145211,3.980974,4.29669,-0.2178311,15.848154,18.461544,17.105011,0.8042612402379,-0.217831136911054,2.05593533093702,-0.214236933773127,2.05593533093702,1.0
131,5,11,4,46.873039,97.951942,165.6917,0.59116989,3.8474426,4.5844769,5.1101289,14.802814,21.017429,17.638512,0.25,0.64999998,5.1101289,3.8474426,4.5844769,-0.52565181,14.802814,21.017429,17.638512,0.59116987754969,-0.525651862016829,2.16331112189652,0.0926092746842953,2.16331112189652,1.0
132,5,12,4,41.013901,69.56739,103.187,0.67418754,3.7139111,4.2422957,4.6365428,13.793136,17.997072,15.755509,0.25,0.64999998,4.6365428,3.7139111,4.2422957,-0.39424697,13.793136,17.997072,15.755509,0.674187543004448,-0.394246953059417,2.03353950783121,-0.0380655201777297,2.03353950783121,1.0
133,5,13,4,35.887169,21.429899,39.385509,0.54410619,3.5803797,3.0647871,3.673398,12.819118,9.3929205,10.973102,0.25,0.64999998,3.673398,3.5803797,3.0647871,-0.60861087,12.819118,9.3929205,10.973102,0.544106183825122,-0.608610860318447,1.59255825494653,0.176609334606278,1.59255825494653,1.0
134,5,14,4,31.40127,10.32937,15.76389,0.65525508,3.4468484,2.3349912,2.7577219,11.880764,5.4521842,8.0483608,0.25,0.64999998,2.7577219,3.4468484,2.3349912,-0.42273068,11.880764,5.4521842,8.0483608,0.655255143241928,-0.422730587527583,1.32049173883295,-0.0111656953032689,1.32049173883295,1.0
135,5,15,4,27.47611,20.2241,29.05563,0.69604754,3.3133168,3.006875,3.3692122,10.978068,9.0412979,9.9627295,0.25,0.64999998,3.3692122,3.3133168,3.006875,-0.36233732,10.978068,9.0412979,9.9627295,0.696047547411638,-0.362337305734492,1.5684032169223,-0.069422409002504,1.5684032169223,1.0
136,5,16,4,24.041599,26.259251,27.368441,0.95947194,3.1797857,3.2680182,3.3093905,10.111037,10.679943,10.391598,0.25,0.64999998,3.3093905,3.1797857,3.2680182,-0.041372206,10.111037,10.679943,10.391598,0.959471933384879,-0.0413722152546755,1.66435372896245,-0.390053904880387,1.66435372896245,1.0
137,5,17,4,21.0364,20.79911,24.654779,0.84361374,3.0462542,3.0349102,3.2049708,9.279664,9.21068,9.2451077,0.25,0.64999998,3.2049708,3.0462542,3.0349102,-0.17006055,9.279664,9.21068,9.2451077,0.843613726977638,-0.170060558606587,1.57623491623685,-0.261339790766592,1.57623491623685,1.0
138,5,18,4,18.406851,11.87406,18.94945,0.62661767,2.9127228,2.4743562,2.9417748,8.4839544,6.1224384,7.2071137,0.25,0.64999998,2.9417748,2.9127228,2.4743562,-0.4674187,8.4839544,6.1224384,7.2071137,0.626617659087731,-0.46741871846772,1.36662906026865,0.0353563817392797,1.36662906026865,1.0
139,5,19,4,16.105989,11.66909,16.49572,0.7074011,2.7791913,2.4569435,2.8031011,7.7239041,6.0365715,6.8283157,0.25,0.64999998,2.8031011,2.7791913,2.4569435,-0.34615746,7.7239041,6.0365715,6.8283157,0.707401071308194,-0.346157487781321,1.3588146106367,-0.0856289643029853,1.3588146106367,1.0
140,5,20,4,14.09274,14.29667,18.3106,0.78078651,2.6456597,2.6600266,2.9074802,6.9995151,7.0757413,7.0375252,0.25,0.64999998,2.9074802,2.6456597,2.6600266,-0.24745351,6.9995151,7.0757413,7.0375252,0.780786538944655,-0.247453484112995,1.4328752308651,-0.183689702812591,1.4328752308651,1.0
141,5,21,4,12.33115,6.9268222,11.45507,0.6046949,2.5121286,1.9354012,2.4384325,6.3107901,3.7457778,4.8619766,0.25,0.64999998,2.4384325,2.5121286,1.9354012,-0.50303125,6.3107901,3.7457778,4.8619766,0.604694881829618,-0.503031275721561,1.16285635359159,0.0704907688401307,1.16285635359159,1.0
142,5,22,4,10.78976,16.86952,27.97995,0.60291457,2.3785975,2.8255084,3.3314881,5.6577263,7.9834976,6.720747,0.25,0.64999998,3.3314881,2.3785975,2.8255084,-0.50597978,5.6577263,7.9834976,6.720747,0.602914587052514,-0.50597973896687,1.49182711550215,0.0754028727995312,1.49182711550215,1.0
143,5,23,4,9.4410372,9.0849476,14.13572,0.64269435,2.2450659,2.206619,2.648705,5.0403209,4.8691673,4.9540052,0.25,0.64999998,2.648705,2.2450659,2.206619,-0.44208601,5.0403209,4.8691673,4.9540052,0.642694365762763,-0.442085993155284,1.26059660726825,0.0111537636514446,1.26059660726825,1.0
144,5,24,4,8.2609072,13.91436,17.82494,0.78061187,2.1115344,2.6329215,2.8805985,4.4585772,6.9322753,5.559504,0.25,0.64999998,2.8805985,2.1115344,2.6329215,-0.24767722,4.4585772,6.9322753,5.559504,0.780611884247577,-0.247677199847829,1.41756036587738,-0.18246585696802,1.41756036587738,1.0
145,5,25,4,7.2282939,9.4873505,12.08324,0.78516614,1.978003,2.2499595,2.4918194,3.9124959,5.0623178,4.4504266,0.25,0.64999998,2.4918194,1.978003,2.2499595,-0.24185993,3.9124959,5.0623178,4.4504266,0.785166106110613,-0.241859983442973,1.27400099728651,-0.188261712303758,1.27400099728651,1.0
146,5,26,4,6.3247571,6.4932461,8.4974012,0.76414496,1.8444716,1.8707626,2.1397605,3.4020753,3.4997528,3.4505684,0.25,0.64999998,2.1397605,1.8444716,1.8707626,-0.26899776,3.4020753,3.4997528,3.4505684,0.764144936454218,-0.268997800406981,1.13221402289924,-0.161415802641424,1.13221402289924,1.0
147,5,27,4,5.534163,9.2142401,7.9558868,1.1581663,1.7109404,2.2207501,2.0739121,2.9273169,4.9317307,3.799571,0.25,0.64999998,2.0739121,1.7109404,2.2207501,0.14683796,2.9273169,4.9317307,3.799571,1.15816631528744,0.146837991711465,1.26053112877329,-0.576268981176517,1.26053112877329,1.0
148,5,28,4,4.842392,7.4711561,9.4594336,0.78981012,1.5774088,2.0110497,2.2470126,2.4882185,4.0443211,3.1722476,0.25,0.64999998,2.2470126,1.5774088,2.0110497,-0.23596272,2.4882185,4.0443211,3.1722476,0.789810089686554,-0.235962755221882,1.18149726241347,-0.19330387662009,1.18149726241347,1.0
149,5,29,4,4.237093,15.40893,31.513081,0.48896933,1.4438775,2.7349472,3.4504027,2.0847821,7.4799361,3.9489286,0.25,0.64999998,3.4504027,1.4438775,2.7349472,-0.71545553,2.0847821,7.4799361,3.9489286,0.488969326737681,-0.715455517982465,1.44922899166034,0.286392463267639,1.44922899166034,1.0
150,5,30,4,6.0879979,13.21054,24.575331,0.53755289,1.8063192,2.5810149,3.2017431,3.2627892,6.6616378,4.662137,0.25,0.64999998,3.2017431,1.8063192,2.5810149,-0.62072814,3.2627892,6.6616378,4.662137,0.53755288179028,-0.620728139093677,1.39529967131365,0.191174655984451,1.39529967131365,1.0
151,6,1,1,947.211,2287.374,3642.6201,0.62794745,6.8535218,7.7351599,8.2004585,46.97076,59.832699,53.013088,0.25,0.64999998,8.2004585,6.8535218,7.7351599,-0.4652988,46.97076,59.832699,53.013088,0.627947449145191,-0.465298795720391,3.36340468921455,0.0294040769236829,3.36340468921455,1.0
152,6,2,1,938.0307,4789.418,9322.3535,0.51375633,6.8437829,8.474164,9.1401701,46.837364,71.811455,57.995338,0.25,0.64999998,9.1401701,6.8437829,8.474164,-0.66600621,46.837364,71.811455,57.995338,0.513756317007288,-0.666006217369354,3.65013103124072,0.222743204303834,3.65013103124072,1.0
153,6,3,1,1519.152,3335.657,4736.2109,0.70428813,7.3259077,8.1124249,8.4629927,53.668922,65.81144,59.430874,0.25,0.64999998,8.4629927,7.3259077,8.1124249,-0.35056773,53.668922,65.81144,59.430874,0.704288105075726,-0.350567766375628,3.50386213327063,-0.0844618591408598,3.50386213327063,1.0
154,6,4,1,1443.1949,1486.666,2279.8411,0.65209198,7.2746148,7.3042912,7.7318611,52.920021,53.352669,53.135906,0.25,0.64999998,7.7318611,7.2746148,7.3042912,-0.42756966,52.920021,53.352669,53.135906,0.652091937460027,-0.427569718621955,3.19654357857708,-0.00194480695890925,3.19654357857708,1.0
155,6,5,1,1371.035,1487.55,1496.901,0.99375314,7.2233214,7.3048859,7.3111525,52.176373,53.361359,52.765537,0.25,0.64999998,7.3111525,7.2233214,7.3048859,-0.006266458,52.176373,53.361359,52.765537,0.993753093891981,-0.00626649966802099,3.19701608283448,-0.42362642823866,3.19701608283448,1.0
156,6,6,1,1302.483,1356.177,1646.056,0.8238948,7.1720276,7.2124248,7.4061375,51.437981,52.01907,51.727711,0.25,0.64999998,7.4061375,7.1720276,7.2124248,-0.19371243,51.437981,52.01907,51.727711,0.823894812813173,-0.193712411574121,3.16231068615527,-0.236005843286431,3.16231068615527,1.0
157,6,7,1,1237.359,1309.677,2459.823,0.53242731,7.1207347,7.177536,7.8078446,50.704861,51.517025,51.109329,0.25,0.64999998,7.8078446,7.1207347,7.177536,-0.63030887,50.704861,51.517025,51.109329,0.532427333186168,-0.630308854210701,3.14934565421309,0.200428195049251,3.14934565421309,1.0
158,6,8,1,1175.491,1481.744,2869.385,0.51639777,7.0694413,7.3009748,7.961853,49.977001,53.304234,51.613811,0.25,0.64999998,7.961853,7.0694413,7.3009748,-0.66087794,49.977001,53.304234,51.613811,0.516397764677797,-0.660877948683238,3.19629271006514,0.229881685086759,3.19629271006514,1.0
159,6,9,1,1116.717,604.25348,872.93719,0.69220728,7.0181484,6.4039936,6.7718635,49.254406,41.011135,44.944176,0.25,0.64999998,6.7718635,7.0181484,6.4039936,-0.36786982,49.254406,41.011135,44.944176,0.69220728240482,-0.367869827170503,2.85905090289866,-0.0592129088120703,2.85905090289866,1.0
160,6,10,1,1060.881,1120.741,2014.957,0.55621088,6.966855,7.0217452,7.6083531,48.537067,49.304905,48.919479,0.25,0.64999998,7.6083531,6.966855,7.0217452,-0.58660781,48.537067,49.304905,48.919479,0.556210876956679,-0.586607781536234,3.09106130830569,0.156543538928881,3.09106130830569,1.0
161,6,11,1,1007.837,1620.21,1649.634,0.98216325,6.9155617,7.3903112,7.4083085,47.824993,54.616699,51.108154,0.25,0.64999998,7.4083085,6.9155617,7.3903112,-0.017997742,47.824993,54.616699,51.108154,0.982163316226508,-0.0179976746526516,3.23106069713535,-0.414741315710421,3.23106069713535,1.0
162,6,12,1,957.44501,1387.53,4094.688,0.33886099,6.8642683,7.2352805,8.3174458,47.118179,52.349285,49.664906,0.25,0.64999998,8.3174458,6.8642683,7.2352805,-1.0821654,47.118179,52.349285,49.664906,0.338860982814808,-1.08216533589987,3.17235680628053,0.650096290037805,3.17235680628053,1.0
163,6,13,1,909.57281,1539.097,1952.049,0.78845209,6.8129749,7.3389511,7.5766349,46.416626,53.860203,50.000092,0.25,0.64999998,7.5766349,6.8129749,7.3389511,-0.23768364,46.416626,53.860203,50.000092,0.78845203168568,-0.23768370932407,3.2120700153201,-0.195466727583401,3.2120700153201,1.0
164,6,14,1,864.09412,1213.8199,1676.6281,0.72396493,6.7616816,7.1015277,7.42454,45.720337,50.431694,48.018269,0.25,0.64999998,7.42454,6.7616816,7.1015277,-0.32301232,45.720337,50.431694,48.018269,0.723964903129084,-0.323012364112481,3.12200528502867,-0.108929175492277,3.12200528502867,1.0
165,6,15,1,820.8894,1186.028,1520.734,0.77990496,6.7103882,7.0783653,7.3269482,45.029308,50.103256,47.498581,0.25,0.64999998,7.3269482,6.7103882,7.0783653,-0.24858321,45.029308,50.103256,47.498581,0.779904966943594,-0.248583203973063,3.11341016628216,-0.18356919230567,3.11341016628216,1.0
166,6,16,1,779.84491,1872.427,3533.8679,0.52985203,6.6590953,7.5349908,8.1701479,44.343552,56.776085,50.17622,0.25,0.64999998,8.1701479,6.6590953,7.5349908,-0.63515747,44.343552,56.776085,50.17622,0.529852007201514,-0.635157543123654,3.28801459854472,0.19933488798081,3.28801459854472,1.0
167,6,17,1,825.13647,2559.553,2646.948,0.96698272,6.715549,7.8475881,7.8811626,45.098598,61.584637,52.700863,0.25,0.64999998,7.8811626,6.715549,7.8475881,-0.033574652,45.098598,61.584637,52.700863,0.966982728788023,-0.0335746443005242,3.40793262142919,-0.404481379024207,3.40793262142919,1.0
168,6,18,1,961.04529,1587.25,3510.1951,0.45218286,6.8680215,7.3697581,8.1634274,47.16972,54.313335,50.615658,0.25,0.64999998,8.1634274,6.8680215,7.3697581,-0.79366863,47.16972,54.313335,50.615658,0.452182843056216,-0.7936686609102,3.22350351804441,0.360714765028289,3.22350351804441,1.0
169,6,19,1,912.99298,917.14392,1710.299,0.53624773,6.8167281,6.8212643,7.4444237,46.467781,46.529648,46.498703,0.25,0.64999998,7.4444237,6.8167281,6.8212643,-0.62315905,46.467781,46.529648,46.498703,0.53624770873397,-0.623159081506204,3.01579139815475,0.193177097320136,3.01579139815475,1.0
170,6,20,1,867.34338,566.35162,1125.088,0.50338429,6.7654347,6.3392153,7.0256166,45.771107,40.18565,42.887547,0.25,0.64999998,7.0256166,6.7654347,6.3392153,-0.68640143,45.771107,40.18565,42.887547,0.50338428638471,-0.686401411736912,2.83467995445203,0.258179057320475,2.83467995445203,1.0
171,6,21,1,823.9762,306.41711,351.32059,0.8721866,6.7141418,5.7249475,5.8616991,45.0797,32.775024,38.43811,0.25,0.64999998,5.8616991,6.7141418,5.7249475,-0.13675189,45.0797,32.775024,38.43811,0.872186597432277,-0.136751890084247,2.60549409223906,-0.290257621469218,2.60549409223906,1.0
172,6,22,1,782.7774,428.98111,612.72229,0.70012325,6.6628485,6.0614128,6.417912,44.393551,36.740726,40.386276,0.25,0.64999998,6.417912,6.6628485,6.0614128,-0.3564989,44.393551,36.740726,40.386276,0.700123232011031,-0.35649891370292,2.73066307690089,-0.0713944762252486,2.73066307690089,1.0
173,6,23,1,743.63849,238.17081,532.41498,0.44734055,6.6115551,5.4729881,6.2774234,43.712662,29.9536,36.184963,0.25,0.64999998,6.2774234,6.6115551,5.4729881,-0.80443513,43.712662,29.9536,36.184963,0.447340550034862,-0.804435117532964,2.51152487137088,0.37727942573197,2.51152487137088,1.0
174,6,24,1,706.4566,261.2836,540.0025,0.48385629,6.5602617,5.5656066,6.291574,43.037033,30.975977,36.511837,0.25,0.64999998,6.291574,6.5602617,5.5656066,-0.72596735,43.037033,30.975977,36.511837,0.483856278443155,-0.725967361727892,2.5456720038288,0.2985533169001,2.5456720038288,1.0
175,6,25,1,671.13379,102.0041,238.5665,0.42757091,6.5089684,4.6250129,5.474648,42.366669,21.390743,30.104063,0.25,0.64999998,5.474648,6.5089684,4.6250129,-0.84963512,42.366669,21.390743,30.104063,0.427570928860506,-0.849635088904597,2.19739862898407,0.421487525839551,2.19739862898407,1.0
176,6,26,1,637.57709,283.49539,392.47891,0.72232008,6.457675,5.6471958,5.9724827,41.701565,31.890821,36.467754,0.25,0.64999998,5.9724827,6.457675,5.6471958,-0.32528692,41.701565,31.890821,36.467754,0.72232006045879,-0.325286941282078,2.5755948595844,-0.102619845424978,2.5755948595844,1.0
177,6,27,1,605.69818,348.05991,519.81653,0.66958225,6.4063816,5.8523746,6.2534761,41.041725,34.250286,37.492546,0.25,0.64999998,6.2534761,6.4063816,5.8523746,-0.40110126,41.041725,34.250286,37.492546,0.669582227406274,-0.401101302264446,2.65194706673173,-0.0274234484495927,2.65194706673173,1.0
178,6,28,1,575.41333,816.27441,1263.903,0.64583629,6.3550887,6.7047505,7.1419597,40.387154,44.953678,42.609283,0.25,0.64999998,7.1419597,6.3550887,6.7047505,-0.43720922,40.387154,44.953678,42.609283,0.645836278575175,-0.437209246058678,2.97262710927977,0.00496493370676987,2.97262710927977,1.0
179,6,29,1,546.64258,681.27338,1150.668,0.59206772,6.3037953,6.5239635,7.0480981,39.737835,42.562099,41.125729,0.25,0.64999998,7.0480981,6.3037953,6.5239635,-0.52413428,39.737835,42.562099,41.125729,0.592067720663128,-0.524134257628473,2.90422710663095,0.0925593843478888,2.90422710663095,1.0
180,6,30,1,519.31049,278.22281,813.20007,0.34213328,6.252502,5.6284223,6.7009773,39.093781,31.679136,35.191723,0.25,0.64999998,6.7009773,6.252502,5.6284223,-1.0725549,39.093781,31.679136,35.191723,0.342133283387445,-1.07255490033253,2.56780273860545,0.643887396677468,2.56780273860545,1.0
181,7,1,5,127.8079,67.2603,108.0928,0.62224591,4.8505282,4.20857,4.6829901,23.527624,17.712061,20.413788,0.25,0.64999998,4.6829901,4.8505282,4.20857,-0.47441992,23.527624,17.712061,20.413788,0.622245885017318,-0.4744199508261,2.02972987593113,0.0434804921024549,2.02972987593113,1.0
182,7,2,5,108.6367,136.17439,212.2373,0.64161384,4.6880093,4.9139361,5.3577051,21.97743,24.146769,23.036577,0.25,0.64999998,5.3577051,4.6880093,4.9139361,-0.44376865,21.97743,24.146769,23.036577,0.641613844503299,-0.443768644571459,2.29250168996403,0.0116889295009177,2.29250168996403,1.0
183,7,3,5,92.341217,64.78009,142.6877,0.45399913,4.5254908,4.1709981,4.9606586,20.480066,17.397224,18.875813,0.25,0.64999998,4.9606586,4.5254908,4.1709981,-0.78965998,20.480066,17.397224,18.875813,0.45399911835428,-0.7896600228936,2.01309216965141,0.35838445029601,2.01309216965141,1.0
184,7,4,5,78.490044,58.069481,98.584831,0.58903056,4.3629718,4.0616403,4.5909176,19.035522,16.496922,17.720821,0.25,0.64999998,4.5909176,4.3629718,4.0616403,-0.52927721,19.035522,16.496922,17.720821,0.58903058828594,-0.529277164105247,1.97095282245176,0.0978809599388725,1.97095282245176,1.0
185,7,5,5,66.71653,95.412178,166.05161,0.57459354,4.2004528,4.5582061,5.1122985,17.643805,20.777243,19.14653,0.25,0.64999998,5.1122985,4.2004528,4.5582061,-0.55409235,17.643805,20.777243,19.14653,0.574593513426338,-0.554092421351455,2.15571256691526,0.121818868521198,2.15571256691526,1.0
186,7,6,5,56.709049,39.12653,29.14344,1.3425502,4.0379338,3.6668007,3.3722298,16.304909,13.445428,14.806298,0.25,0.64999998,3.3722298,4.0379338,3.6668007,0.29457092,16.304909,13.445428,14.806298,1.34255015880075,0.294570908938124,1.82090176844218,-0.726159123816579,1.82090176844218,1.0
187,7,7,5,48.20269,78.671837,151.06911,0.52076721,3.8754148,4.3652854,5.0177374,15.01884,19.055717,16.917292,0.25,0.64999998,5.0177374,3.8754148,4.3652854,-0.65245217,15.01884,19.055717,16.917292,0.520767197211925,-0.652452175455609,2.08094209505991,0.220081348901862,2.08094209505991,1.0
188,7,8,5,40.97229,59.232769,112.2985,0.52745825,3.7128959,4.0814748,4.7211604,13.785596,16.658436,15.154091,0.25,0.64999998,4.7211604,3.7128959,4.0814748,-0.63968557,13.785596,16.658436,15.154091,0.527458238533907,-0.639685585422019,1.97314925965075,0.207693640894193,1.97314925965075,1.0
189,7,9,5,34.82645,36.278728,42.935719,0.84495449,3.5503771,3.5912316,3.7597041,12.605178,12.896944,12.750226,0.25,0.64999998,3.7597041,3.5503771,3.5912316,-0.16847251,12.605178,12.896944,12.750226,0.844954477180177,-0.168472526235728,1.78834097565825,-0.263113276321546,1.78834097565825,1.0
190,7,10,5,29.60248,58.39386,114.3624,0.51060367,3.3878582,4.0672107,4.7393723,11.477583,16.542202,13.779133,0.25,0.64999998,4.7393723,3.3878582,4.0672107,-0.67216158,11.477583,16.542202,13.779133,0.510603659944177,-0.672161606272168,1.96527564389609,0.239882362332503,1.96527564389609,1.0
191,7,11,5,25.162109,41.626991,89.654968,0.46430212,3.2253392,3.7287488,4.4959688,10.402813,13.903567,12.02648,0.25,0.64999998,4.4959688,3.2253392,3.7287488,-0.76721984,10.402813,13.903567,12.02648,0.464302112070354,-0.767219835031966,1.83694905273496,0.335482191085884,1.83694905273496,1.0
192,7,12,5,21.387791,72.918808,193.9288,0.37600815,3.0628202,4.2893467,5.2674909,9.380868,18.398495,13.137498,0.25,0.64999998,5.2674909,3.0628202,4.2893467,-0.97814447,9.380868,18.398495,13.137498,0.376008143194822,-0.978144478393724,2.04665807273319,0.544766891825112,2.04665807273319,1.0
193,7,13,5,18.4886,68.271156,102.7745,0.66428107,2.9171543,4.2234874,4.6325374,8.5097895,17.837845,12.320564,0.25,0.64999998,4.6325374,2.9171543,4.2234874,-0.40904993,8.5097895,17.837845,12.320564,0.66428108139665,-0.409049903721971,2.02075225349608,-0.0242824734752791,2.02075225349608,1.0
194,7,14,5,16.537519,62.56316,170.7988,0.36629742,2.8056316,4.1361766,5.1404862,7.8715687,17.107956,11.604588,0.25,0.64999998,5.1404862,2.8056316,4.1361766,-1.0043097,7.8715687,17.107956,11.604588,0.366297421293358,-1.00430964909832,1.98695915740729,0.571171777187813,1.98695915740729,1.0
195,7,15,5,15.05495,45.467861,38.553379,1.1793482,2.7117069,3.8170056,3.6520438,7.353354,14.569532,10.3506,0.25,0.64999998,3.6520438,2.7117069,3.8170056,0.16496193,7.353354,14.569532,10.3506,1.17934827450533,0.164961976157119,1.86587878715097,-0.597106180005657,1.86587878715097,1.0
196,7,16,5,12.87068,18.051531,30.206949,0.59759527,2.5549519,2.8932304,3.408072,6.5277791,8.3707819,7.3920646,0.25,0.64999998,3.408072,2.5549519,2.8932304,-0.51484156,6.5277791,8.3707819,7.3920646,0.597595308284859,-0.5148414961233,1.51874490103167,0.0840140230791496,1.51874490103167,1.0
197,7,17,5,10.94008,15.09435,15.73776,0.95911682,2.3924332,2.7143204,2.756063,5.7237363,7.3675351,6.4938302,0.25,0.64999998,2.756063,2.3924332,2.7143204,-0.041742399,5.7237363,7.3675351,6.4938302,0.959116799341202,-0.0417424186668766,1.45057423524623,-0.388887096958488,1.45057423524623,1.0
198,7,18,5,9.2990685,22.826851,41.556629,0.54929507,2.2299142,3.1279376,3.727057,4.9725175,9.7839937,6.9750323,0.25,0.64999998,3.727057,2.2299142,3.1279376,-0.59911954,4.9725175,9.7839937,6.9750323,0.549295059519866,-0.599119532812247,1.60327798128415,0.168517137234037,1.60327798128415,1.0
199,7,19,5,7.9042082,12.80519,24.96011,0.51302618,2.0673952,2.5498505,3.217279,4.2741232,6.5017376,5.2715487,0.25,0.64999998,3.217279,2.0673952,2.5498505,-0.66742843,4.2741232,6.5017376,5.2715487,0.513026184580116,-0.667428393047466,1.38623716908688,0.237348728431534,1.38623716908688,1.0
200,7,20,5,6.7185769,37.054569,81.68969,0.45360154,1.9048764,3.6123917,4.4029279,3.6285539,13.049374,6.8811593,0.25,0.64999998,4.4029279,1.9048764,3.6123917,-0.79053611,3.6285539,13.049374,6.8811593,0.45360153772159,-0.790536136535562,1.78235546729014,0.358759441515825,1.78235546729014,1.0
201,7,21,5,15.44238,54.003448,78.873703,0.68468255,2.7371156,3.989048,4.3678479,7.4918017,15.912504,10.918486,0.25,0.64999998,4.3678479,2.7371156,3.989048,-0.37879997,7.4918017,15.912504,10.918486,0.684682548757727,-0.378799980608399,1.93090092511851,-0.05387220223281,1.93090092511851,1.0
202,7,22,5,13.42024,16.92598,28.03611,0.60372066,2.5967641,2.8288498,3.3334932,6.7431836,8.0023909,7.3458557,0.25,0.64999998,3.3334932,2.5967641,2.8288498,-0.50464368,6.7431836,8.0023909,7.3458557,0.603720701623727,-0.504643602524144,1.49517821417573,0.0737322289475599,1.49517821417573,1.0
203,7,23,5,11.4072,5.8494258,10.42997,0.56082863,2.4342446,1.7663435,2.3446834,5.9255471,3.1199694,4.2997122,0.25,0.64999998,2.3446834,2.4342446,1.7663435,-0.57833987,5.9255471,3.1199694,4.2997122,0.560828631338345,-0.578339890110025,1.09951642505096,0.145432772450234,1.09951642505096,1.0
204,7,24,5,9.6961222,6.240047,10.01069,0.62333834,2.2717261,1.8309877,2.3036535,5.1607394,3.3525159,4.1595025,0.25,0.64999998,2.3036535,2.2717261,1.8309877,-0.47266582,5.1607394,3.3525159,4.1595025,0.623338351302458,-0.472665807616171,1.12178230367865,0.0406099698938739,1.12178230367865,1.0
205,7,25,5,8.241704,12.49405,14.3041,0.87345934,2.1092072,2.5252526,2.6605463,4.4487548,6.3769007,5.3262806,0.25,0.64999998,2.6605463,2.1092072,2.5252526,-0.13529371,4.4487548,6.3769007,5.3262806,0.873459357806503,-0.135293678473883,1.37750240569731,-0.29488545724764,1.37750240569731,1.0
206,7,26,5,7.0054479,5.1127028,7.410553,0.68992192,1.9466881,1.6317282,2.0029051,3.7895944,2.6625369,3.1764657,0.25,0.64999998,2.0029051,1.9466881,1.6317282,-0.37117684,3.7895944,2.6625369,3.1764657,0.689921899215888,-0.371176877339442,1.04485022041649,-0.0603291487655483,1.04485022041649,1.0
207,7,27,5,5.9546309,4.137897,7.9109068,0.52306229,1.7841692,1.4201877,2.0682423,3.1832597,2.0169332,2.5338552,0.25,0.64999998,2.0682423,1.7841692,1.4201877,-0.64805472,3.1832597,2.0169332,2.5338552,0.523062286614222,-0.648054727143775,0.965111933880322,0.216448424589461,0.965111933880322,1.0
208,7,28,5,5.0614362,1.709442,1.823763,0.93731588,1.6216502,0.53616703,0.60090196,2.6297495,0.28747508,0.86947536,0.25,0.64999998,0.60090196,1.6216502,0.53616703,-0.064734936,2.6297495,0.28747508,0.86947536,0.937315868344736,-0.0647349475269201,0.63755410907752,-0.370775017866561,0.63755410907752,1.0
209,7,29,5,4.3022208,7.8878069,11.96787,0.65908194,1.4591314,2.0653181,2.4822257,2.1290643,4.2655387,3.0135703,0.25,0.64999998,2.4822257,1.4591314,2.0653181,-0.41690743,2.1290643,4.2655387,3.0135703,0.65908193354373,-0.416907422096096,1.20043968838628,-0.0119365283344954,1.20043968838628,1.0
210,7,30,5,3.656888,7.9959521,15.89463,0.50305998,1.2966125,2.0789354,2.7659814,1.681204,4.3219724,2.6955736,0.25,0.64999998,2.7659814,1.2966125,2.0789354,-0.68704587,1.681204,4.3219724,2.6955736,0.503059970568676,-0.68704589020657,1.20390176889326,0.258694371786312,1.20390176889326,1.0
211,8,1,3,29.896219,37.22422,47.611931,0.78182548,3.397732,3.6169596,3.8630834,11.544583,13.082397,12.289459,0.25,0.64999998,3.8630834,3.397732,3.6169596,-0.24612373,11.544583,13.082397,12.289459,0.781825463033625,-0.246123756399732,1.79660068064807,-0.185469690235002,1.79660068064807,1.0
212,8,2,3,26.906601,63.832211,69.107933,0.92365968,3.2923717,4.1562581,4.2356696,10.839712,17.274481,13.683947,0.25,0.64999998,4.2356696,3.2923717,4.1562581,-0.079411581,10.839712,17.274481,13.683947,0.923659675944873,-0.0794115912624558,1.99806363877007,-0.353204891898596,1.99806363877007,1.0
213,8,3,3,24.7456,77.594711,95.869583,0.80937779,3.2086477,4.3514991,4.5629888,10.295421,18.935545,13.962428,0.25,0.64999998,4.5629888,3.2086477,4.3514991,-0.21148948,10.295421,18.935545,13.962428,0.809377787738995,-0.211489489789438,2.07114415725646,-0.221897027119978,2.07114415725646,1.0
214,8,4,3,27.364,29.97753,56.47686,0.53079313,3.3092282,3.4004481,4.0338311,10.950992,11.563047,11.252858,0.25,0.64999998,4.0338311,3.3092282,3.4004481,-0.63338292,10.950992,11.563047,11.252858,0.530793142536607,-0.63338289571717,1.71494885616418,0.201888139049079,1.71494885616418,1.0
215,8,5,3,24.6276,49.796631,80.687363,0.61715525,3.2038677,3.9079473,4.3905821,10.264768,15.272052,12.520546,0.25,0.64999998,4.3905821,3.2038677,3.9079473,-0.48263466,10.264768,15.272052,12.520546,0.617155266308554,-0.48263463955703,1.90399252205062,0.0505627103772148,1.90399252205062,1.0
216,8,6,3,22.167999,29.16765,46.025589,0.63372684,3.0986497,3.3730602,3.8291974,9.6016302,11.377535,10.451932,0.25,0.64999998,3.8291974,3.0986497,3.3730602,-0.45613727,9.6016302,11.377535,10.451932,0.633726816619338,-0.456137306017117,1.70279900056275,0.0247441209693889,1.70279900056275,1.0
217,8,7,3,19.9512,30.819361,54.474972,0.56575269,2.9932892,3.428143,3.9977415,8.9597807,11.752165,10.261424,0.25,0.64999998,3.9977415,2.9932892,3.428143,-0.56959826,8.9597807,11.752165,10.261424,0.565752672621842,-0.569598270446344,1.72242665882556,0.138211969665119,1.72242665882556,1.0
218,8,8,3,17.956079,50.884739,63.662128,0.7992937,2.8879287,3.929563,4.1535897,8.3401327,15.441465,11.348298,0.25,0.64999998,4.1535897,2.8879287,3.929563,-0.22402681,8.3401327,15.441465,11.348298,0.799293718237003,-0.224026793461488,1.90963305405032,-0.208327669099748,1.90963305405032,1.0
219,8,9,3,20.863951,27.11355,33.6213,0.8064397,3.0380228,3.3000336,3.5151598,9.2295818,10.890222,10.025578,0.25,0.64999998,3.5151598,3.0380228,3.3000336,-0.21512616,9.2295818,10.890222,10.025578,0.806439667710648,-0.215126191765442,1.67498050199053,-0.216208997694807,1.67498050199053,1.0
220,8,10,3,18.777559,32.804859,51.54805,0.63639379,2.9326625,3.4905767,3.9425144,8.6005096,12.184126,10.236684,0.25,0.64999998,3.9425144,2.9326625,3.4905767,-0.45193774,8.6005096,12.184126,10.236684,0.636393791811717,-0.451937737733093,1.74523971825659,0.0205028104070768,1.74523971825659,1.0
221,8,11,3,16.899799,21.87664,38.63636,0.56621897,2.8273017,3.0854194,3.6541939,7.9936352,9.5198126,8.7234116,0.25,0.64999998,3.6541939,2.8273017,3.0854194,-0.5687744,7.9936352,9.5198126,8.7234116,0.566218970938256,-0.568774401146362,1.59295762752558,0.137636703313225,1.59295762752558,1.0
222,8,12,3,15.20982,17.764971,20.312851,0.87456805,2.7219412,2.8772285,3.0112538,7.4089642,8.2784443,7.8316469,0.25,0.64999998,3.0112538,2.7219412,2.8772285,-0.13402517,7.4089642,8.2784443,7.8316469,0.874568075155969,-0.134025142892305,1.5143997314604,-0.297048664525152,1.5143997314604,1.0
223,8,13,3,13.68884,8.3703327,11.7559,0.71201122,2.616581,2.1246936,2.4643552,6.8464961,4.5143232,5.559433,0.25,0.64999998,2.4643552,2.616581,2.1246936,-0.3396616,6.8464961,4.5143232,5.559433,0.712011219898094,-0.339661609410482,1.23400504859881,-0.0925803905958227,1.23400504859881,1.0
224,8,14,3,12.31996,6.131875,6.8913732,0.88979,2.5112207,1.8135005,1.9302703,6.3062296,3.2887843,4.5541,0.25,0.64999998,1.9302703,2.5112207,1.8135005,-0.1167698,6.3062296,3.2887843,4.5541,0.889790005858339,-0.116769792569949,1.11774239347416,-0.316235871153344,1.11774239347416,1.0
225,8,15,3,11.08796,11.55418,15.46833,0.74695718,2.4058599,2.4470472,2.7387948,5.7881622,5.98804,5.8872528,0.25,0.64999998,2.7387948,2.4058599,2.4470472,-0.29174742,5.7881622,5.98804,5.8872528,0.746957169907805,-0.291747431627228,1.35138882086126,-0.139175363178348,1.35138882086126,1.0
226,8,16,3,9.9791651,31.135691,53.967892,0.57692993,2.3004994,3.4383547,3.9883893,5.2922978,11.822283,7.9099331,0.25,0.64999998,3.9883893,2.3004994,3.4383547,-0.55003446,5.2922978,11.822283,7.9099331,0.576929908620481,-0.550034495380549,1.7201726019873,0.118811920744433,1.7201726019873,1.0
227,8,17,3,17.65464,30.0425,35.508839,0.84605694,2.8709986,3.4026129,3.5697815,8.2426329,11.577775,9.7688971,0.25,0.64999998,3.5697815,2.8709986,3.4026129,-0.16716862,8.2426329,11.577775,9.7688971,0.846056949369705,-0.167168605601697,1.71178546549673,-0.264151671812183,1.71178546549673,1.0
228,8,18,3,15.88918,27.15584,44.98011,0.60372996,2.7656384,3.3015921,3.8062203,7.6487556,10.900511,9.1310101,0.25,0.64999998,3.8062203,2.7656384,3.3015921,-0.50462824,7.6487556,10.900511,9.1310101,0.603729959753322,-0.504628267521413,1.6730691664858,0.0734520162267865,1.6730691664858,1.0
229,8,19,3,14.30026,21.207809,15.5648,1.3625494,2.6602776,3.0543694,2.745012,7.0770769,9.3291731,8.1254711,0.25,0.64999998,2.745012,2.6602776,3.0543694,0.30935752,7.0770769,9.3291731,8.1254711,1.3625494063528,0.309357508441165,1.57980186254639,-0.74031653868393,1.57980186254639,1.0
230,8,20,3,12.87023,53.682629,142.98531,0.37544158,2.5549169,3.9830894,4.9627419,6.5276003,15.865002,10.176462,0.25,0.64999998,4.9627419,2.5549169,3.9830894,-0.9796524,6.5276003,15.865002,10.176462,0.375441568088358,-0.979652430836366,1.92729136491564,0.546832336457527,1.92729136491564,1.0
231,8,21,3,33.051891,131.2975,107.6834,1.2192919,3.4980788,4.8774657,4.6791954,12.236555,23.789673,17.06176,0.25,0.64999998,4.6791954,3.4980788,4.8774657,0.19827031,12.236555,23.789673,17.06176,1.21929192428917,0.198270300326822,2.27230697728197,-0.633370075173219,2.27230697728197,1.0
232,8,22,3,50.31847,295.608,454.17899,0.65086234,3.9183722,5.6890345,6.1184912,15.353641,32.365112,22.291754,0.25,0.64999998,6.1184912,3.9183722,5.6890345,-0.42945713,15.353641,32.365112,22.291754,0.650862339537106,-0.429457119138832,2.58421672457424,-0.00915286509842339,2.58421672457424,1.0
233,8,23,3,149.08459,284.73859,322.3002,0.88345766,5.0045137,5.6515718,5.7754836,25.045158,31.940264,28.283369,0.25,0.64999998,5.7754836,5.0045137,5.6515718,-0.12391191,25.045158,31.940264,28.283369,0.883457689446051,-0.123911878073661,2.57238158128817,-0.309826757392272,2.57238158128817,1.0
234,8,24,3,134.17619,1080.9041,2321.8779,0.4655301,4.8991537,6.9855533,7.7501316,24.001707,48.797955,34.223301,0.25,0.64999998,7.7501316,4.8991537,6.9855533,-0.76457852,24.001707,48.797955,34.223301,0.465530121114465,-0.764578477345609,3.08557984266569,0.320470141772334,3.08557984266569,1.0
235,8,25,3,449.89828,1190.432,1221.985,0.97417891,6.1090217,7.0820718,7.108232,37.320145,50.155739,43.26453,0.25,0.64999998,7.108232,6.1090217,7.0820718,-0.026160305,37.320145,50.155739,43.26453,0.974178897449641,-0.0261603192591686,3.117310156007,-0.410224557057816,3.117310156007,1.0
236,8,26,3,404.90839,648.25592,859.70813,0.75404185,6.0036607,6.4742856,6.7565928,36.043941,41.916374,38.869415,0.25,0.64999998,6.7565928,6.0036607,6.4742856,-0.28230742,36.043941,41.916374,38.869415,0.754041863021581,-0.282307391266647,2.88563197813929,-0.150733507860588,2.88563197813929,1.0
237,8,27,3,364.4176,548.72333,634.8233,0.86437178,5.8983006,6.3075943,6.4533467,34.789951,39.785748,37.204086,0.25,0.64999998,6.4533467,5.8983006,6.3075943,-0.14575231,34.789951,39.785748,37.204086,0.864371755100986,-0.145752330610957,2.82243583774835,-0.286976015878031,2.82243583774835,1.0
238,8,28,3,327.9758,568.50958,829.72131,0.68518138,5.7929397,6.3430181,6.7210898,33.558151,40.233879,36.74472,0.25,0.64999998,6.7210898,5.7929397,6.3430181,-0.3780717,33.558151,40.233879,36.74472,0.685181365294812,-0.378071708910729,2.83588131732523,-0.0554217829500629,2.83588131732523,1.0
239,8,29,3,295.17831,637.37329,974.17383,0.65427059,5.6875796,6.4573555,6.8815899,32.34856,41.697441,36.726723,0.25,0.64999998,6.8815899,5.6875796,6.4573555,-0.42423427,32.34856,41.697441,36.726723,0.654270593575687,-0.424234261451767,2.87945557368469,-0.0105270038440317,2.87945557368469,1.0
240,8,30,3,265.6604,605.86157,835.52539,0.72512645,5.5822186,6.4066515,6.7280607,31.161165,41.045185,35.763329,0.25,0.64999998,6.7280607,5.5822186,6.4066515,-0.32140923,31.161165,41.045185,35.763329,0.725126462045636,-0.321409208930904,2.860201778456,-0.113638779528178,2.860201778456,1.0
241,9,1,4,12.89371,17.747561,24.349369,0.72887146,2.5567396,2.8762481,3.1925058,6.5369172,8.2728033,7.3538175,0.25,0.64999998,3.1925058,2.5567396,2.8762481,-0.31625789,6.5369172,8.2728033,7.3538175,0.728871495602206,-0.316257837405817,1.51243719367505,-0.114575799965553,1.51243719367505,1.0
242,9,2,4,11.28199,18.753071,26.41753,0.70987225,2.4232078,2.9313576,3.2740278,5.8719358,8.5928574,7.1032887,0.25,0.64999998,3.2740278,2.4232078,2.9313576,-0.34267026,5.8719358,8.5928574,7.1032887,0.709872232566784,-0.342670279271753,1.53169287396033,-0.0879800364008836,1.53169287396033,1.0
243,9,3,4,9.8717432,21.170509,22.296499,0.94949925,2.2896764,3.0526092,3.1044297,5.2426181,9.3184233,6.9894872,0.25,0.64999998,3.1044297,2.2896764,3.0526092,-0.051820539,5.2426181,9.3184233,6.9894872,0.949499246496053,-0.0518205423098344,1.57567973964673,-0.37874876186055,1.57567973964673,1.0
244,9,4,4,8.6377754,17.344641,27.72484,0.62559932,2.1561451,2.8532836,3.3223288,4.6489615,8.1412277,6.1520934,0.25,0.64999998,3.3223288,2.1561451,2.8532836,-0.46904516,4.6489615,8.1412277,6.1520934,0.62559931815657,-0.469045179654811,1.50005377654328,0.0387896552757205,1.50005377654328,1.0
245,9,5,4,7.558054,6.1617279,7.8270092,0.78723913,2.0226138,1.8183572,2.0575805,4.0909662,3.3064229,3.6778343,0.25,0.64999998,2.0575805,2.0226138,1.8183572,-0.23922323,4.0909662,3.3064229,3.6778343,0.787239128325031,-0.239223228781932,1.11460579183464,-0.191966298667905,1.11460579183464,1.0
246,9,6,4,6.613297,4.6413898,9.505022,0.4883092,1.8890823,1.5350139,2.2518203,3.5686319,2.3562677,2.8997676,0.25,0.64999998,2.2518203,1.8890823,1.5350139,-0.71680647,3.5686319,2.3562677,2.8997676,0.488309211698826,-0.716806443257675,1.00854664390622,0.285186755234083,1.00854664390622,1.0
247,9,7,4,5.7866349,12.53032,21.200689,0.59103364,1.755551,2.5281513,3.0540338,3.0819592,6.3915486,4.4382982,0.25,0.64999998,3.0540338,1.755551,2.5281513,-0.52588236,3.0819592,6.3915486,4.4382982,0.591033621595977,-0.525882373860881,1.3751434402349,0.0964433770280367,1.3751434402349,1.0
248,9,8,4,5.117475,6.768311,12.5148,0.54082453,1.6326611,1.9122516,2.526912,2.6655822,3.6567061,3.1220589,0.25,0.64999998,2.526912,1.6326611,1.9122516,-0.61466038,2.6655822,3.6567061,3.1220589,0.540824543740212,-0.614660371148205,1.14546672468463,0.185059834933536,1.14546672468463,1.0
249,9,9,4,4.4777908,5.213212,4.5978642,1.1338334,1.4991298,1.6511961,1.5255919,2.24739,2.7264485,2.4753573,0.25,0.64999998,1.5255919,1.4991298,1.6511961,0.12560429,2.24739,2.7264485,2.4753573,1.13383340029921,0.125604281196347,1.04762930344561,-0.555278391849963,1.04762930344561,1.0
250,9,10,4,3.918067,6.5277338,8.5938625,0.75958091,1.3655984,1.8760599,2.1510482,1.8648591,3.5196006,2.5619445,0.25,0.64999998,2.1510482,1.3655984,1.8760599,-0.27498844,1.8648591,3.5196006,2.5619445,0.759580898577328,-0.274988447046172,1.12945234149416,-0.153767229684114,1.12945234149416,1.0
251,9,11,4,3.428308,5.1298199,7.088769,0.72365457,1.2320669,1.6350706,1.9585117,1.5179888,2.6734557,2.0145164,0.25,0.64999998,1.9585117,1.2320669,1.6350706,-0.32344112,1.5179888,2.6734557,2.0145164,0.723654544251618,-0.323441149291876,1.03907172018784,-0.105228447335911,1.03907172018784,1.0
252,9,12,4,2.9997699,5.1776929,6.9564452,0.74430156,1.0985355,1.6443596,1.9396687,1.2067803,2.7039185,1.8063874,0.25,0.64999998,1.9396687,1.0985355,1.6443596,-0.29530901,1.2067803,2.7039185,1.8063874,0.744301543552733,-0.295309025786993,1.04121128976157,-0.132827480582431,1.04121128976157,1.0
253,9,13,4,2.624799,1.2119991,1.512271,0.80144298,0.96500432,0.19227111,0.41361251,0.93123335,0.036968183,0.18554245,0.25,0.64999998,0.41361251,0.96500432,0.19227111,-0.22134145,0.93123335,0.036968183,0.18554245,0.801443061461868,-0.221341349428704,0.50551688673133,-0.2121291693924,0.50551688673133,1.0
254,9,14,4,2.296699,1.1962841,0.99298102,1.20474,0.83147287,0.17922013,-0.0070437323,0.69134712,0.032119852,0.14901668,0.25,0.64999998,-0.0070437323,0.83147287,0.17922013,0.18626381,0.69134712,0.032119852,0.14901668,1.20474014699697,0.186263898042084,0.499678536755886,-0.618888953172126,0.499678536755886,1.0
255,9,15,4,2.0096109,2.5590899,5.332706,0.47988582,0.69794112,0.93965167,1.6738588,0.48712182,0.88294524,0.65582156,0.25,0.64999998,1.6738588,0.69794112,0.93965167,-0.73420709,0.48712182,0.88294524,0.65582156,0.479885802817556,-0.734207114182221,0.777844372381694,0.306137974106873,0.777844372381694,1.0
256,9,16,4,1.75841,2.1914561,5.5826421,0.3925482,0.56440997,0.78456622,1.7196622,0.3185586,0.61554414,0.442817,0.25,0.64999998,1.7196622,0.56440997,0.78456622,-0.93509597,0.3185586,0.61554414,0.442817,0.392548198638777,-0.935095950219177,0.71968648155182,0.507210438657068,0.71968648155182,1.0
257,9,17,4,1.538609,2.2735109,3.795969,0.59892768,0.43087879,0.8213253,1.3339397,0.18565653,0.67457527,0.35389164,0.25,0.64999998,1.3339397,0.43087879,0.8213253,-0.51261443,0.18565653,0.67457527,0.35389164,0.598927678281883,-0.512614425581943,0.732006474128816,0.0855960816408942,0.732006474128816,1.0
258,9,18,4,1.3553441,1.0,1.285164,0.7781108,0.30405533,0.0,0.25088632,0.092449643,0.0,0.0,0.25,0.64999998,0.25088632,0.30405533,0.0,-0.25088635,0.092449643,0.0,0.0,0.778110809204117,-0.250886336662763,0.42998722906871,-0.17910090906871,0.42998722906871,1.0
259,9,19,4,1.234436,2.202065,3.821202,0.57627547,0.21061422,0.78939557,1.3405651,0.04435835,0.62314534,0.16625793,0.25,0.64999998,1.3405651,0.21061422,0.78939557,-0.55116951,0.04435835,0.62314534,0.16625793,0.576275475622592,-0.551169476325112,0.718367400674678,0.125267488597186,0.718367400674678,1.0
260,9,20,4,1.154667,1.181924,1.687199,0.70052433,0.143812,0.16714361,0.52306974,0.020681892,0.027936988,0.024037257,0.25,0.64999998,0.52306974,0.143812,0.16714361,-0.35592619,0.020681892,0.027936988,0.024037257,0.700524360196989,-0.355926138367915,0.489964368924318,-0.0720117995029071,0.489964368924318,1.0
261,9,21,4,1.102041,2.1732171,3.3117039,0.65622324,0.097163923,0.77620858,1.1974628,0.0094408281,0.60249978,0.075419471,0.25,0.64999998,1.1974628,0.097163923,0.77620858,-0.42125425,0.0094408281,0.60249978,0.075419471,0.656223251118556,-0.421254226107319,0.712549864207483,-0.00405735104988098,0.712549864207483,1.0
262,9,22,4,1.114867,1.052251,1.861173,0.56536978,0.10873509,0.050931662,0.62120694,0.01182332,0.0025940342,0.0055380589,0.25,0.64999998,0.62120694,0.10873509,0.050931662,-0.57027525,0.01182332,0.0025940342,0.0055380589,0.565369796359608,-0.570275255100715,0.447198452354285,0.141979324841464,0.447198452354285,1.0
263,9,23,4,1.075783,1.644876,2.83445,0.58031577,0.073048785,0.49766502,1.0418479,0.0053361249,0.24767047,0.036353827,0.25,0.64999998,1.0418479,0.073048785,0.49766502,-0.5441829,0.0053361249,0.24767047,0.036353827,0.580315757907178,-0.544182913394345,0.61033439753781,0.118133449832759,0.61033439753781,1.0
264,9,24,4,1.049997,1.013324,1.745662,0.58048123,0.048787281,0.013236038,0.55713385,0.0023801988,0.00017519272,0.00064575032,0.25,0.64999998,0.55713385,0.048787281,0.013236038,-0.54389781,0.0023801988,0.00017519272,0.00064575032,0.580481215722173,-0.543897837158148,0.432979954486281,0.115827476857591,0.432979954486281,1.0
265,9,25,4,1.032985,2.9808481,4.8082552,0.6199438,0.032452643,1.0922078,1.5703343,0.001053174,1.1929178,0.035445031,0.25,0.64999998,1.5703343,0.032452643,1.0922078,-0.47812647,0.001053174,1.1929178,0.035445031,0.619943820785552,-0.478126416684688,0.827892860297575,0.0537885489217573,0.827892860297575,1.0
266,9,26,4,1.641752,2.1114931,2.5236709,0.83667529,0.49576396,0.74739534,0.92571455,0.2457819,0.55859977,0.37053168,0.25,0.64999998,0.92571455,0.49576396,0.74739534,-0.17831923,0.2457819,0.55859977,0.37053168,0.836675297084101,-0.178319220337658,0.705441694260686,-0.249314815509964,0.705441694260686,1.0
267,9,27,4,1.436533,1.704821,2.4080529,0.70796657,0.36223257,0.53346014,0.87881851,0.13121243,0.28457972,0.19323663,0.25,0.64999998,0.87881851,0.36223257,0.53346014,-0.3453584,0.13121243,0.28457972,0.19323663,0.707966589936625,-0.34535837575692,0.625839512782326,-0.0823205151639685,0.625839512782326,1.0
268,9,28,4,1.288,2.1009991,3.599812,0.58364135,0.25309062,0.74241298,1.2808816,0.064054862,0.55117702,0.18789776,0.25,0.64999998,1.2808816,0.25309062,0.74241298,-0.5384686,0.064054862,0.55117702,0.18789776,0.583641340158875,-0.538468628380887,0.701508764638246,0.112188889703734,0.701508764638246,1.0
269,9,29,4,1.190006,3.425216,4.603405,0.74406141,0.17395836,1.2311646,1.5267962,0.030261511,1.5157663,0.21417136,0.25,0.64999998,1.5267962,0.17395836,1.2311646,-0.29563171,0.030261511,1.5157663,0.21417136,0.744061406719591,-0.295631711641517,0.880232846419441,-0.129195154917352,0.880232846419441,1.0
270,9,30,4,1.847478,5.2532659,9.0126877,0.58287448,0.61382151,1.65885,2.1986334,0.37677684,2.7517831,1.0182378,0.25,0.64999998,2.1986334,0.61382151,1.65885,-0.53978342,0.37677684,2.7517831,1.0182378,0.582874507013041,-0.539783369639056,1.04192573598449,0.113498162303421,1.04192573598449,1.0
